cell_id,horse,blocks_reparsed,convergence_distance,fallback_to_full_count,metadata_records_touched,nodes_rebuilt,nodes_reused,restart_distance,source_bytes_inspected_total,unique_old_source_bytes,unique_old_source_intervals,unique_post_source_bytes,unique_post_source_intervals,unique_source_bytes,unique_source_intervals
C2-N-128KiB,H0,KNOWN,NOT_APPLICABLE,NOT_APPLICABLE,NOT_APPLICABLE,KNOWN,KNOWN,NOT_APPLICABLE,KNOWN,KNOWN,KNOWN,KNOWN,KNOWN,KNOWN,KNOWN
C2-N-128KiB,H1,KNOWN,NOT_APPLICABLE,KNOWN,KNOWN,KNOWN,KNOWN,NOT_APPLICABLE,KNOWN,KNOWN,KNOWN,KNOWN,KNOWN,KNOWN,KNOWN
C2-N-128KiB,H2,KNOWN,NOT_APPLICABLE,NOT_APPLICABLE,KNOWN,KNOWN,KNOWN,NOT_APPLICABLE,KNOWN,KNOWN,KNOWN,KNOWN,KNOWN,KNOWN,KNOWN
C2-N-128KiB,H3,KNOWN,NOT_APPLICABLE,NOT_APPLICABLE,KNOWN,KNOWN,KNOWN,NOT_APPLICABLE,KNOWN,KNOWN,KNOWN,KNOWN,KNOWN,KNOWN,KNOWN
C2-N-128KiB,H4,KNOWN,KNOWN,NOT_APPLICABLE,KNOWN,KNOWN,KNOWN,KNOWN,KNOWN,KNOWN,KNOWN,KNOWN,KNOWN,KNOWN,KNOWN
C2-N-16KiB,H0,KNOWN,NOT_APPLICABLE,NOT_APPLICABLE,NOT_APPLICABLE,KNOWN,KNOWN,NOT_APPLICABLE,KNOWN,KNOWN,KNOWN,KNOWN,KNOWN,KNOWN,KNOWN
C2-N-16KiB,H1,KNOWN,NOT_APPLICABLE,KNOWN,KNOWN,KNOWN,KNOWN,NOT_APPLICABLE,KNOWN,KNOWN,KNOWN,KNOWN,KNOWN,KNOWN,KNOWN
C2-N-16KiB,H2,KNOWN,NOT_APPLICABLE,NOT_APPLICABLE,KNOWN,KNOWN,KNOWN,NOT_APPLICABLE,KNOWN,KNOWN,KNOWN,KNOWN,KNOWN,KNOWN,KNOWN
C2-N-16KiB,H3,KNOWN,NOT_APPLICABLE,NOT_APPLICABLE,KNOWN,KNOWN,KNOWN,NOT_APPLICABLE,KNOWN,KNOWN,KNOWN,KNOWN,KNOWN,KNOWN,KNOWN
C2-N-16KiB,H4,KNOWN,KNOWN,NOT_APPLICABLE,KNOWN,KNOWN,KNOWN,KNOWN,KNOWN,KNOWN,KNOWN,KNOWN,KNOWN,KNOWN,KNOWN
C2-N-16MiB,H0,KNOWN,NOT_APPLICABLE,NOT_APPLICABLE,NOT_APPLICABLE,KNOWN,KNOWN,NOT_APPLICABLE,KNOWN,KNOWN,KNOWN,KNOWN,KNOWN,KNOWN,KNOWN
C2-N-16MiB,H1,KNOWN,NOT_APPLICABLE,KNOWN,KNOWN,KNOWN,KNOWN,NOT_APPLICABLE,KNOWN,KNOWN,KNOWN,KNOWN,KNOWN,KNOWN,KNOWN
C2-N-16MiB,H2,KNOWN,NOT_APPLICABLE,NOT_APPLICABLE,KNOWN,KNOWN,KNOWN,NOT_APPLICABLE,KNOWN,KNOWN,KNOWN,KNOWN,KNOWN,KNOWN,KNOWN
C2-N-16MiB,H3,KNOWN,NOT_APPLICABLE,NOT_APPLICABLE,KNOWN,KNOWN,KNOWN,NOT_APPLICABLE,KNOWN,KNOWN,KNOWN,KNOWN,KNOWN,KNOWN,KNOWN
C2-N-16MiB,H4,KNOWN,KNOWN,NOT_APPLICABLE,KNOWN,KNOWN,KNOWN,KNOWN,KNOWN,KNOWN,KNOWN,KNOWN,KNOWN,KNOWN,KNOWN
C2-N-1KiB,H0,KNOWN,NOT_APPLICABLE,NOT_APPLICABLE,NOT_APPLICABLE,KNOWN,KNOWN,NOT_APPLICABLE,KNOWN,KNOWN,KNOWN,KNOWN,KNOWN,KNOWN,KNOWN
C2-N-1KiB,H1,KNOWN,NOT_APPLICABLE,KNOWN,KNOWN,KNOWN,KNOWN,NOT_APPLICABLE,KNOWN,KNOWN,KNOWN,KNOWN,KNOWN,KNOWN,KNOWN
C2-N-1KiB,H2,KNOWN,NOT_APPLICABLE,NOT_APPLICABLE,KNOWN,KNOWN,KNOWN,NOT_APPLICABLE,KNOWN,KNOWN,KNOWN,KNOWN,KNOWN,KNOWN,KNOWN
C2-N-1KiB,H3,KNOWN,NOT_APPLICABLE,NOT_APPLICABLE,KNOWN,KNOWN,KNOWN,NOT_APPLICABLE,KNOWN,KNOWN,KNOWN,KNOWN,KNOWN,KNOWN,KNOWN
C2-N-1KiB,H4,KNOWN,KNOWN,NOT_APPLICABLE,KNOWN,KNOWN,KNOWN,KNOWN,KNOWN,KNOWN,KNOWN,KNOWN,KNOWN,KNOWN,KNOWN
C2-N-1MiB,H0,KNOWN,NOT_APPLICABLE,NOT_APPLICABLE,NOT_APPLICABLE,KNOWN,KNOWN,NOT_APPLICABLE,KNOWN,KNOWN,KNOWN,KNOWN,KNOWN,KNOWN,KNOWN
C2-N-1MiB,H1,KNOWN,NOT_APPLICABLE,KNOWN,KNOWN,KNOWN,KNOWN,NOT_APPLICABLE,KNOWN,KNOWN,KNOWN,KNOWN,KNOWN,KNOWN,KNOWN
C2-N-1MiB,H2,KNOWN,NOT_APPLICABLE,NOT_APPLICABLE,KNOWN,KNOWN,KNOWN,NOT_APPLICABLE,KNOWN,KNOWN,KNOWN,KNOWN,KNOWN,KNOWN,KNOWN
C2-N-1MiB,H3,KNOWN,NOT_APPLICABLE,NOT_APPLICABLE,KNOWN,KNOWN,KNOWN,NOT_APPLICABLE,KNOWN,KNOWN,KNOWN,KNOWN,KNOWN,KNOWN,KNOWN
C2-N-1MiB,H4,KNOWN,KNOWN,NOT_APPLICABLE,KNOWN,KNOWN,KNOWN,KNOWN,KNOWN,KNOWN,KNOWN,KNOWN,KNOWN,KNOWN,KNOWN
C2-N-2KiB,H0,KNOWN,NOT_APPLICABLE,NOT_APPLICABLE,NOT_APPLICABLE,KNOWN,KNOWN,NOT_APPLICABLE,KNOWN,KNOWN,KNOWN,KNOWN,KNOWN,KNOWN,KNOWN
C2-N-2KiB,H1,KNOWN,NOT_APPLICABLE,KNOWN,KNOWN,KNOWN,KNOWN,NOT_APPLICABLE,KNOWN,KNOWN,KNOWN,KNOWN,KNOWN,KNOWN,KNOWN
C2-N-2KiB,H2,KNOWN,NOT_APPLICABLE,NOT_APPLICABLE,KNOWN,KNOWN,KNOWN,NOT_APPLICABLE,KNOWN,KNOWN,KNOWN,KNOWN,KNOWN,KNOWN,KNOWN
C2-N-2KiB,H3,KNOWN,NOT_APPLICABLE,NOT_APPLICABLE,KNOWN,KNOWN,KNOWN,NOT_APPLICABLE,KNOWN,KNOWN,KNOWN,KNOWN,KNOWN,KNOWN,KNOWN
C2-N-2KiB,H4,KNOWN,KNOWN,NOT_APPLICABLE,KNOWN,KNOWN,KNOWN,KNOWN,KNOWN,KNOWN,KNOWN,KNOWN,KNOWN,KNOWN,KNOWN
C2-N-32KiB,H0,KNOWN,NOT_APPLICABLE,NOT_APPLICABLE,NOT_APPLICABLE,KNOWN,KNOWN,NOT_APPLICABLE,KNOWN,KNOWN,KNOWN,KNOWN,KNOWN,KNOWN,KNOWN
C2-N-32KiB,H1,KNOWN,NOT_APPLICABLE,KNOWN,KNOWN,KNOWN,KNOWN,NOT_APPLICABLE,KNOWN,KNOWN,KNOWN,KNOWN,KNOWN,KNOWN,KNOWN
C2-N-32KiB,H2,KNOWN,NOT_APPLICABLE,NOT_APPLICABLE,KNOWN,KNOWN,KNOWN,NOT_APPLICABLE,KNOWN,KNOWN,KNOWN,KNOWN,KNOWN,KNOWN,KNOWN
C2-N-32KiB,H3,KNOWN,NOT_APPLICABLE,NOT_APPLICABLE,KNOWN,KNOWN,KNOWN,NOT_APPLICABLE,KNOWN,KNOWN,KNOWN,KNOWN,KNOWN,KNOWN,KNOWN
C2-N-32KiB,H4,KNOWN,KNOWN,NOT_APPLICABLE,KNOWN,KNOWN,KNOWN,KNOWN,KNOWN,KNOWN,KNOWN,KNOWN,KNOWN,KNOWN,KNOWN
C2-N-4KiB,H0,KNOWN,NOT_APPLICABLE,NOT_APPLICABLE,NOT_APPLICABLE,KNOWN,KNOWN,NOT_APPLICABLE,KNOWN,KNOWN,KNOWN,KNOWN,KNOWN,KNOWN,KNOWN
C2-N-4KiB,H1,KNOWN,NOT_APPLICABLE,KNOWN,KNOWN,KNOWN,KNOWN,NOT_APPLICABLE,KNOWN,KNOWN,KNOWN,KNOWN,KNOWN,KNOWN,KNOWN
C2-N-4KiB,H2,KNOWN,NOT_APPLICABLE,NOT_APPLICABLE,KNOWN,KNOWN,KNOWN,NOT_APPLICABLE,KNOWN,KNOWN,KNOWN,KNOWN,KNOWN,KNOWN,KNOWN
C2-N-4KiB,H3,KNOWN,NOT_APPLICABLE,NOT_APPLICABLE,KNOWN,KNOWN,KNOWN,NOT_APPLICABLE,KNOWN,KNOWN,KNOWN,KNOWN,KNOWN,KNOWN,KNOWN
C2-N-4KiB,H4,KNOWN,KNOWN,NOT_APPLICABLE,KNOWN,KNOWN,KNOWN,KNOWN,KNOWN,KNOWN,KNOWN,KNOWN,KNOWN,KNOWN,KNOWN
C2-N-512B,H0,KNOWN,NOT_APPLICABLE,NOT_APPLICABLE,NOT_APPLICABLE,KNOWN,KNOWN,NOT_APPLICABLE,KNOWN,KNOWN,KNOWN,KNOWN,KNOWN,KNOWN,KNOWN
C2-N-512B,H1,KNOWN,NOT_APPLICABLE,KNOWN,KNOWN,KNOWN,KNOWN,NOT_APPLICABLE,KNOWN,KNOWN,KNOWN,KNOWN,KNOWN,KNOWN,KNOWN
C2-N-512B,H2,KNOWN,NOT_APPLICABLE,NOT_APPLICABLE,KNOWN,KNOWN,KNOWN,NOT_APPLICABLE,KNOWN,KNOWN,KNOWN,KNOWN,KNOWN,KNOWN,KNOWN
C2-N-512B,H3,KNOWN,NOT_APPLICABLE,NOT_APPLICABLE,KNOWN,KNOWN,KNOWN,NOT_APPLICABLE,KNOWN,KNOWN,KNOWN,KNOWN,KNOWN,KNOWN,KNOWN
C2-N-512B,H4,KNOWN,KNOWN,NOT_APPLICABLE,KNOWN,KNOWN,KNOWN,KNOWN,KNOWN,KNOWN,KNOWN,KNOWN,KNOWN,KNOWN,KNOWN
C2-N-64KiB,H0,KNOWN,NOT_APPLICABLE,NOT_APPLICABLE,NOT_APPLICABLE,KNOWN,KNOWN,NOT_APPLICABLE,KNOWN,KNOWN,KNOWN,KNOWN,KNOWN,KNOWN,KNOWN
C2-N-64KiB,H1,KNOWN,NOT_APPLICABLE,KNOWN,KNOWN,KNOWN,KNOWN,NOT_APPLICABLE,KNOWN,KNOWN,KNOWN,KNOWN,KNOWN,KNOWN,KNOWN
C2-N-64KiB,H2,KNOWN,NOT_APPLICABLE,NOT_APPLICABLE,KNOWN,KNOWN,KNOWN,NOT_APPLICABLE,KNOWN,KNOWN,KNOWN,KNOWN,KNOWN,KNOWN,KNOWN
C2-N-64KiB,H3,KNOWN,NOT_APPLICABLE,NOT_APPLICABLE,KNOWN,KNOWN,KNOWN,NOT_APPLICABLE,KNOWN,KNOWN,KNOWN,KNOWN,KNOWN,KNOWN,KNOWN
C2-N-64KiB,H4,KNOWN,KNOWN,NOT_APPLICABLE,KNOWN,KNOWN,KNOWN,KNOWN,KNOWN,KNOWN,KNOWN,KNOWN,KNOWN,KNOWN,KNOWN
C2-N-8KiB,H0,KNOWN,NOT_APPLICABLE,NOT_APPLICABLE,NOT_APPLICABLE,KNOWN,KNOWN,NOT_APPLICABLE,KNOWN,KNOWN,KNOWN,KNOWN,KNOWN,KNOWN,KNOWN
C2-N-8KiB,H1,KNOWN,NOT_APPLICABLE,KNOWN,KNOWN,KNOWN,KNOWN,NOT_APPLICABLE,KNOWN,KNOWN,KNOWN,KNOWN,KNOWN,KNOWN,KNOWN
C2-N-8KiB,H2,KNOWN,NOT_APPLICABLE,NOT_APPLICABLE,KNOWN,KNOWN,KNOWN,NOT_APPLICABLE,KNOWN,KNOWN,KNOWN,KNOWN,KNOWN,KNOWN,KNOWN
C2-N-8KiB,H3,KNOWN,NOT_APPLICABLE,NOT_APPLICABLE,KNOWN,KNOWN,KNOWN,NOT_APPLICABLE,KNOWN,KNOWN,KNOWN,KNOWN,KNOWN,KNOWN,KNOWN
C2-N-8KiB,H4,KNOWN,KNOWN,NOT_APPLICABLE,KNOWN,KNOWN,KNOWN,KNOWN,KNOWN,KNOWN,KNOWN,KNOWN,KNOWN,KNOWN,KNOWN
