case_id,horse,sessions,session0_p50_ns,session0_p95_ns,session1_p50_ns,session1_p95_ns,session2_p50_ns,session2_p95_ns,case_estimate_p50_ns,h0_relative_speedup_geomean,session_p50_max_over_min,payload_id
02820e239967c59a597ea5eed1392bc8754e1c5965b91983227aecc95581a013,H0,"s0,s1,s2",3837,4122,3859,4131,4319,4573,3859,1.000000,,full-read:openmlsys/files/v1/zh_chapters/chapter_accelerator/index.md
02820e239967c59a597ea5eed1392bc8754e1c5965b91983227aecc95581a013,H1,"s0,s1,s2",5451,5785,5406,5667,6024,6348,5451,0.711548,,full-read:openmlsys/files/v1/zh_chapters/chapter_accelerator/index.md
02820e239967c59a597ea5eed1392bc8754e1c5965b91983227aecc95581a013,H2,"s0,s1,s2",4792,5029,4839,5147,5490,5765,4839,0.794941,,full-read:openmlsys/files/v1/zh_chapters/chapter_accelerator/index.md
02820e239967c59a597ea5eed1392bc8754e1c5965b91983227aecc95581a013,H3,"s0,s1,s2",4798,5131,4768,5108,5124,5414,4798,0.817112,,full-read:openmlsys/files/v1/zh_chapters/chapter_accelerator/index.md
02820e239967c59a597ea5eed1392bc8754e1c5965b91983227aecc95581a013,H4,"s0,s1,s2",5048,5329,5006,5199,5544,5825,5048,0.769967,,full-read:openmlsys/files/v1/zh_chapters/chapter_accelerator/index.md
080879eaa8dc782753861e308f75faa2737d566753e4c791cacdc3a11e399df6,H0,"s0,s1,s2",17436,18184,17596,22101,19924,31321,17596,1.000000,,full-read:opentelemetry-spec/files/specification/library-layout.md
080879eaa8dc782753861e308f75faa2737d566753e4c791cacdc3a11e399df6,H1,"s0,s1,s2",24921,25605,24927,25367,27328,28094,24927,0.711429,,full-read:opentelemetry-spec/files/specification/library-layout.md
080879eaa8dc782753861e308f75faa2737d566753e4c791cacdc3a11e399df6,H2,"s0,s1,s2",23427,27565,23873,24753,26750,34339,23873,0.742045,,full-read:opentelemetry-spec/files/specification/library-layout.md
080879eaa8dc782753861e308f75faa2737d566753e4c791cacdc3a11e399df6,H3,"s0,s1,s2",23128,24620,23403,24199,25498,30427,23403,0.762267,,full-read:opentelemetry-spec/files/specification/library-layout.md
080879eaa8dc782753861e308f75faa2737d566753e4c791cacdc3a11e399df6,H4,"s0,s1,s2",22508,23652,22440,23290,24553,25970,22508,0.789934,,full-read:opentelemetry-spec/files/specification/library-layout.md
21484c1f54cc26eafc9d66024b22bbe60d951187e2b1bb0dd494b9d92df06147,H0,"s0,s1,s2",24562,24921,22694,23114,25066,25639,24562,1.000000,,full-read:oci-image/files/implementations.md
21484c1f54cc26eafc9d66024b22bbe60d951187e2b1bb0dd494b9d92df06147,H1,"s0,s1,s2",33141,41305,30762,36563,33723,41033,33141,0.740715,,full-read:oci-image/files/implementations.md
21484c1f54cc26eafc9d66024b22bbe60d951187e2b1bb0dd494b9d92df06147,H2,"s0,s1,s2",29552,43267,29912,31926,33236,38385,29912,0.780560,,full-read:oci-image/files/implementations.md
21484c1f54cc26eafc9d66024b22bbe60d951187e2b1bb0dd494b9d92df06147,H3,"s0,s1,s2",29632,34382,29942,30941,32356,33766,29942,0.786601,,full-read:oci-image/files/implementations.md
21484c1f54cc26eafc9d66024b22bbe60d951187e2b1bb0dd494b9d92df06147,H4,"s0,s1,s2",29284,64515,29550,32938,32874,33592,29550,0.788993,,full-read:oci-image/files/implementations.md
2f225eb2e1aa77104e2e5b1ab0993f545fb5b7e5e35f2e33e8fea5a48f3adb1d,H0,"s0,s1,s2",308,344,296,329,317,331,308,1.000000,,full-read:myst-parser/files/docs/develop/_changelog.md
2f225eb2e1aa77104e2e5b1ab0993f545fb5b7e5e35f2e33e8fea5a48f3adb1d,H1,"s0,s1,s2",379,407,391,433,432,488,391,0.767127,,full-read:myst-parser/files/docs/develop/_changelog.md
2f225eb2e1aa77104e2e5b1ab0993f545fb5b7e5e35f2e33e8fea5a48f3adb1d,H2,"s0,s1,s2",348,373,333,358,425,458,348,0.837201,,full-read:myst-parser/files/docs/develop/_changelog.md
2f225eb2e1aa77104e2e5b1ab0993f545fb5b7e5e35f2e33e8fea5a48f3adb1d,H3,"s0,s1,s2",324,358,317,351,360,388,324,0.921153,,full-read:myst-parser/files/docs/develop/_changelog.md
2f225eb2e1aa77104e2e5b1ab0993f545fb5b7e5e35f2e33e8fea5a48f3adb1d,H4,"s0,s1,s2",376,462,356,382,385,416,376,0.824646,,full-read:myst-parser/files/docs/develop/_changelog.md
46473bc31137bd9a6e7be9242327718912dacc419653793f9fc5afddbb871932,H0,"s0,s1,s2",15124,15844,15208,15964,17180,23804,15208,1.000000,,full-read:myst-parser/files/docs/develop/contributing.md
46473bc31137bd9a6e7be9242327718912dacc419653793f9fc5afddbb871932,H1,"s0,s1,s2",20480,20981,20257,20632,22246,23044,20480,0.753705,,full-read:myst-parser/files/docs/develop/contributing.md
46473bc31137bd9a6e7be9242327718912dacc419653793f9fc5afddbb871932,H2,"s0,s1,s2",20480,24087,20541,32235,23466,24292,20541,0.736982,,full-read:myst-parser/files/docs/develop/contributing.md
46473bc31137bd9a6e7be9242327718912dacc419653793f9fc5afddbb871932,H3,"s0,s1,s2",20420,21246,20256,20712,22191,23199,20420,0.755078,,full-read:myst-parser/files/docs/develop/contributing.md
46473bc31137bd9a6e7be9242327718912dacc419653793f9fc5afddbb871932,H4,"s0,s1,s2",19694,20892,19758,20442,21585,22231,19758,0.777758,,full-read:myst-parser/files/docs/develop/contributing.md
51bbbfadb5f526fd0b1edb4b7c33330a8b120a44bde13b1a30e19bcc597d05c4,H0,"s0,s1,s2",21076,21625,21521,21945,23154,23850,21521,1.000000,,full-read:rust-book/files/src/appendix-06-translation.md
51bbbfadb5f526fd0b1edb4b7c33330a8b120a44bde13b1a30e19bcc597d05c4,H1,"s0,s1,s2",28262,29506,28646,32101,31043,31784,28646,0.747622,,full-read:rust-book/files/src/appendix-06-translation.md
51bbbfadb5f526fd0b1edb4b7c33330a8b120a44bde13b1a30e19bcc597d05c4,H2,"s0,s1,s2",28142,29032,28850,29478,31836,32237,28850,0.740660,,full-read:rust-book/files/src/appendix-06-translation.md
51bbbfadb5f526fd0b1edb4b7c33330a8b120a44bde13b1a30e19bcc597d05c4,H3,"s0,s1,s2",29036,30102,29418,34028,29468,34126,29418,0.747238,,full-read:rust-book/files/src/appendix-06-translation.md
51bbbfadb5f526fd0b1edb4b7c33330a8b120a44bde13b1a30e19bcc597d05c4,H4,"s0,s1,s2",28998,30547,29155,34144,30061,31806,29155,0.744842,,full-read:rust-book/files/src/appendix-06-translation.md
5ff47d1475056d610b38bc86ad4daba479679923b9b0abe3c0ee488ac6b42689,H0,"s0,s1,s2",1574,1689,1564,1638,1569,1657,1569,1.000000,,full-read:crafting-interpreters/files/note/answers/chapter01_introduction/1.md
5ff47d1475056d610b38bc86ad4daba479679923b9b0abe3c0ee488ac6b42689,H1,"s0,s1,s2",1823,1901,1865,1950,1817,1897,1823,0.855096,,full-read:crafting-interpreters/files/note/answers/chapter01_introduction/1.md
5ff47d1475056d610b38bc86ad4daba479679923b9b0abe3c0ee488ac6b42689,H2,"s0,s1,s2",1694,1784,1737,1801,1727,1788,1727,0.912612,,full-read:crafting-interpreters/files/note/answers/chapter01_introduction/1.md
5ff47d1475056d610b38bc86ad4daba479679923b9b0abe3c0ee488ac6b42689,H3,"s0,s1,s2",1740,3049,1699,1779,1697,1777,1699,0.916530,,full-read:crafting-interpreters/files/note/answers/chapter01_introduction/1.md
5ff47d1475056d610b38bc86ad4daba479679923b9b0abe3c0ee488ac6b42689,H4,"s0,s1,s2",1692,1808,1701,1765,1683,1770,1692,0.927311,,full-read:crafting-interpreters/files/note/answers/chapter01_introduction/1.md
6fc99e6cb2c777bca9894f43080a7efc29903b772b89b0b3755a7cbab9366324,H0,"s0,s1,s2",15498,15854,15249,15765,15649,15983,15498,1.000000,,full-read:crafting-interpreters/files/note/answers/chapter20_hash/1.md
6fc99e6cb2c777bca9894f43080a7efc29903b772b89b0b3755a7cbab9366324,H1,"s0,s1,s2",17060,17372,17151,17483,17445,17790,17151,0.898162,,full-read:crafting-interpreters/files/note/answers/chapter20_hash/1.md
6fc99e6cb2c777bca9894f43080a7efc29903b772b89b0b3755a7cbab9366324,H2,"s0,s1,s2",17110,17547,17282,17872,17738,18303,17282,0.890058,,full-read:crafting-interpreters/files/note/answers/chapter20_hash/1.md
6fc99e6cb2c777bca9894f43080a7efc29903b772b89b0b3755a7cbab9366324,H3,"s0,s1,s2",17202,17764,17132,17447,17268,17676,17202,0.899066,,full-read:crafting-interpreters/files/note/answers/chapter20_hash/1.md
6fc99e6cb2c777bca9894f43080a7efc29903b772b89b0b3755a7cbab9366324,H4,"s0,s1,s2",16386,16743,16363,16612,16552,16982,16386,0.941035,,full-read:crafting-interpreters/files/note/answers/chapter20_hash/1.md
73039631b4e45389797f5ef0bb26cc57ac1f3da406ae556a70236a194049d66a,H0,"s0,s1,s2",52655,55711,52628,55782,52830,56401,52655,1.000000,,full-read:d2l-en/files/chapter_appendix-tools-for-deep-learning/utils.md
73039631b4e45389797f5ef0bb26cc57ac1f3da406ae556a70236a194049d66a,H1,"s0,s1,s2",58947,59641,58649,59168,58799,59494,58799,0.896358,,full-read:d2l-en/files/chapter_appendix-tools-for-deep-learning/utils.md
73039631b4e45389797f5ef0bb26cc57ac1f3da406ae556a70236a194049d66a,H2,"s0,s1,s2",56087,59812,56144,59776,56554,60820,56144,0.936777,,full-read:d2l-en/files/chapter_appendix-tools-for-deep-learning/utils.md
73039631b4e45389797f5ef0bb26cc57ac1f3da406ae556a70236a194049d66a,H3,"s0,s1,s2",55909,59795,56062,59753,55999,56666,55999,0.941316,,full-read:d2l-en/files/chapter_appendix-tools-for-deep-learning/utils.md
73039631b4e45389797f5ef0bb26cc57ac1f3da406ae556a70236a194049d66a,H4,"s0,s1,s2",56749,60649,56663,60615,56621,57460,56663,0.929895,,full-read:d2l-en/files/chapter_appendix-tools-for-deep-learning/utils.md
879a0f03d0b686e5fd9fff1550d560cdf5686f04c19a85c004977676f6af6c6e,H0,"s0,s1,s2",15785,16623,16061,16632,18206,18685,16061,1.000000,,full-read:oci-image/files/HACKING.md
879a0f03d0b686e5fd9fff1550d560cdf5686f04c19a85c004977676f6af6c6e,H1,"s0,s1,s2",24519,25458,24806,25409,26920,27875,24806,0.655691,,full-read:oci-image/files/HACKING.md
879a0f03d0b686e5fd9fff1550d560cdf5686f04c19a85c004977676f6af6c6e,H2,"s0,s1,s2",22289,23014,22747,23153,25998,31923,22747,0.704843,,full-read:oci-image/files/HACKING.md
879a0f03d0b686e5fd9fff1550d560cdf5686f04c19a85c004977676f6af6c6e,H3,"s0,s1,s2",22643,23219,22722,24321,25010,26126,22722,0.710525,,full-read:oci-image/files/HACKING.md
879a0f03d0b686e5fd9fff1550d560cdf5686f04c19a85c004977676f6af6c6e,H4,"s0,s1,s2",22696,23501,22678,26926,25007,26064,22696,0.710458,,full-read:oci-image/files/HACKING.md
87ab6f49c3edfed596075eafb6a0133c6fddff25df05bbade3eff53902be09a2,H0,"s0,s1,s2",53187,57462,53850,58315,59859,65101,53850,1.000000,,full-read:owasp-cheatsheets/files/cheatsheets/Email_Validation_and_Verification_Cheat_Sheet.md
87ab6f49c3edfed596075eafb6a0133c6fddff25df05bbade3eff53902be09a2,H1,"s0,s1,s2",79455,81258,79167,86072,79843,87244,79455,0.698886,,full-read:owasp-cheatsheets/files/cheatsheets/Email_Validation_and_Verification_Cheat_Sheet.md
87ab6f49c3edfed596075eafb6a0133c6fddff25df05bbade3eff53902be09a2,H2,"s0,s1,s2",72770,87574,74274,79656,77282,118397,74274,0.743164,,full-read:owasp-cheatsheets/files/cheatsheets/Email_Validation_and_Verification_Cheat_Sheet.md
87ab6f49c3edfed596075eafb6a0133c6fddff25df05bbade3eff53902be09a2,H3,"s0,s1,s2",74110,79636,73778,74523,73742,74537,73778,0.751970,,full-read:owasp-cheatsheets/files/cheatsheets/Email_Validation_and_Verification_Cheat_Sheet.md
87ab6f49c3edfed596075eafb6a0133c6fddff25df05bbade3eff53902be09a2,H4,"s0,s1,s2",80771,82903,79827,82478,83436,92331,80771,0.683052,,full-read:owasp-cheatsheets/files/cheatsheets/Email_Validation_and_Verification_Cheat_Sheet.md
8cac5a00f3a2eb4fb54a876d5f7aa219b8ee1ebd7ed76145e5f44611414725aa,H0,"s0,s1,s2",23570,24025,23451,24940,24169,25255,23570,1.000000,,full-read:rust-rfcs/files/text/0404-change-prefer-dynamic.md
8cac5a00f3a2eb4fb54a876d5f7aa219b8ee1ebd7ed76145e5f44611414725aa,H1,"s0,s1,s2",29533,30684,29540,32870,29867,30988,29540,0.800369,,full-read:rust-rfcs/files/text/0404-change-prefer-dynamic.md
8cac5a00f3a2eb4fb54a876d5f7aa219b8ee1ebd7ed76145e5f44611414725aa,H2,"s0,s1,s2",28500,29382,28929,29788,29616,30448,28929,0.817884,,full-read:rust-rfcs/files/text/0404-change-prefer-dynamic.md
8cac5a00f3a2eb4fb54a876d5f7aa219b8ee1ebd7ed76145e5f44611414725aa,H3,"s0,s1,s2",28588,33548,28881,33777,28925,33672,28881,0.823955,,full-read:rust-rfcs/files/text/0404-change-prefer-dynamic.md
8cac5a00f3a2eb4fb54a876d5f7aa219b8ee1ebd7ed76145e5f44611414725aa,H4,"s0,s1,s2",28587,30007,28348,29556,28770,30848,28587,0.830583,,full-read:rust-rfcs/files/text/0404-change-prefer-dynamic.md
94c57cd2d6f40b46599c4aa5e48d1f018bf1f13c6cd301180454f49cd0a01207,H0,"s0,s1,s2",26621,28312,26753,27465,27480,28180,26753,1.000000,,full-read:crafting-interpreters/files/note/answers/chapter13_inheritance/1.md
94c57cd2d6f40b46599c4aa5e48d1f018bf1f13c6cd301180454f49cd0a01207,H1,"s0,s1,s2",34802,36599,34922,39924,35149,39594,34922,0.770902,,full-read:crafting-interpreters/files/note/answers/chapter13_inheritance/1.md
94c57cd2d6f40b46599c4aa5e48d1f018bf1f13c6cd301180454f49cd0a01207,H2,"s0,s1,s2",32647,33537,33328,33963,34172,35011,33328,0.807415,,full-read:crafting-interpreters/files/note/answers/chapter13_inheritance/1.md
94c57cd2d6f40b46599c4aa5e48d1f018bf1f13c6cd301180454f49cd0a01207,H3,"s0,s1,s2",33293,34791,33475,35264,33541,35111,33475,0.805975,,full-read:crafting-interpreters/files/note/answers/chapter13_inheritance/1.md
94c57cd2d6f40b46599c4aa5e48d1f018bf1f13c6cd301180454f49cd0a01207,H4,"s0,s1,s2",32961,45528,32957,37165,33231,37293,32961,0.815406,,full-read:crafting-interpreters/files/note/answers/chapter13_inheritance/1.md
96357ea197e919bd66692e993dcb85b0527ed23fdc923c9d28646111145741be,H0,"s0,s1,s2",21230,21758,21455,22144,21779,22479,21455,1.000000,,full-read:rust-rfcs/files/text/1123-str-split-at.md
96357ea197e919bd66692e993dcb85b0527ed23fdc923c9d28646111145741be,H1,"s0,s1,s2",28075,29614,28080,32717,28192,33523,28080,0.764231,,full-read:rust-rfcs/files/text/1123-str-split-at.md
96357ea197e919bd66692e993dcb85b0527ed23fdc923c9d28646111145741be,H2,"s0,s1,s2",27414,27868,28452,29216,29469,30117,28452,0.755710,,full-read:rust-rfcs/files/text/1123-str-split-at.md
96357ea197e919bd66692e993dcb85b0527ed23fdc923c9d28646111145741be,H3,"s0,s1,s2",27149,28729,29774,47953,27626,28916,27626,0.763020,,full-read:rust-rfcs/files/text/1123-str-split-at.md
96357ea197e919bd66692e993dcb85b0527ed23fdc923c9d28646111145741be,H4,"s0,s1,s2",26739,27441,27058,47753,27141,28635,27058,0.796434,,full-read:rust-rfcs/files/text/1123-str-split-at.md
a525bd8f153230dfacace9642d48a91c7cb0d9b3620ee6061040637e16b8db6d,H0,"s0,s1,s2",2784,3054,2806,3066,2971,3174,2806,1.000000,,full-read:openmlsys/files/v1/zh_chapters/chapter_recommender_system/index.md
a525bd8f153230dfacace9642d48a91c7cb0d9b3620ee6061040637e16b8db6d,H1,"s0,s1,s2",3868,4162,3854,4157,4234,4786,3868,0.716424,,full-read:openmlsys/files/v1/zh_chapters/chapter_recommender_system/index.md
a525bd8f153230dfacace9642d48a91c7cb0d9b3620ee6061040637e16b8db6d,H2,"s0,s1,s2",3516,3816,3553,3840,3814,4233,3553,0.786825,,full-read:openmlsys/files/v1/zh_chapters/chapter_recommender_system/index.md
a525bd8f153230dfacace9642d48a91c7cb0d9b3620ee6061040637e16b8db6d,H3,"s0,s1,s2",3453,3835,3535,3909,3788,4241,3535,0.794733,,full-read:openmlsys/files/v1/zh_chapters/chapter_recommender_system/index.md
a525bd8f153230dfacace9642d48a91c7cb0d9b3620ee6061040637e16b8db6d,H4,"s0,s1,s2",3634,3858,3525,3751,3876,6615,3634,0.776087,,full-read:openmlsys/files/v1/zh_chapters/chapter_recommender_system/index.md
a67b28652c65b39dbdf75681aa007d3dd9a9770fc9068923377ee91224de209c,H0,"s0,s1,s2",29791,30257,30105,34489,30782,31227,30105,1.000000,,full-read:d2l-en/files/chapter_installation/index.md
a67b28652c65b39dbdf75681aa007d3dd9a9770fc9068923377ee91224de209c,H1,"s0,s1,s2",37328,38539,37665,38318,38110,38569,37665,0.801684,,full-read:d2l-en/files/chapter_installation/index.md
a67b28652c65b39dbdf75681aa007d3dd9a9770fc9068923377ee91224de209c,H2,"s0,s1,s2",37267,40754,37714,38194,39176,40120,37714,0.794434,,full-read:d2l-en/files/chapter_installation/index.md
a67b28652c65b39dbdf75681aa007d3dd9a9770fc9068923377ee91224de209c,H3,"s0,s1,s2",37557,38142,37745,42812,41059,64190,37745,0.779867,,full-read:d2l-en/files/chapter_installation/index.md
a67b28652c65b39dbdf75681aa007d3dd9a9770fc9068923377ee91224de209c,H4,"s0,s1,s2",35110,39175,35338,35720,38797,52054,35338,0.830838,,full-read:d2l-en/files/chapter_installation/index.md
a97a63e7b47c9d13529a5560f9a65a42fa2e221fc4cd1ff8781918e9a4669fdd,H0,"s0,s1,s2",739,778,699,741,740,771,739,1.000000,,full-read:d2l-en/files/chapter_generative-adversarial-networks/index.md
a97a63e7b47c9d13529a5560f9a65a42fa2e221fc4cd1ff8781918e9a4669fdd,H1,"s0,s1,s2",1027,1077,1038,1079,1006,1057,1027,0.709027,,full-read:d2l-en/files/chapter_generative-adversarial-networks/index.md
a97a63e7b47c9d13529a5560f9a65a42fa2e221fc4cd1ff8781918e9a4669fdd,H2,"s0,s1,s2",917,959,932,971,953,984,932,0.777127,,full-read:d2l-en/files/chapter_generative-adversarial-networks/index.md
a97a63e7b47c9d13529a5560f9a65a42fa2e221fc4cd1ff8781918e9a4669fdd,H3,"s0,s1,s2",866,900,906,958,860,893,866,0.827440,,full-read:d2l-en/files/chapter_generative-adversarial-networks/index.md
a97a63e7b47c9d13529a5560f9a65a42fa2e221fc4cd1ff8781918e9a4669fdd,H4,"s0,s1,s2",891,935,879,919,857,934,879,0.828900,,full-read:d2l-en/files/chapter_generative-adversarial-networks/index.md
b474fe0f45380000e80ee1a3931b09e5165a73c7702e3ae7bf5d057f5f1817d9,H0,"s0,s1,s2",8688,9059,8740,9019,9719,10469,8740,1.000000,,full-read:kubernetes-keps/files/keps/sig-cli/FAQ.md
b474fe0f45380000e80ee1a3931b09e5165a73c7702e3ae7bf5d057f5f1817d9,H1,"s0,s1,s2",10915,11375,10979,11207,12137,12606,10979,0.797600,,full-read:kubernetes-keps/files/keps/sig-cli/FAQ.md
b474fe0f45380000e80ee1a3931b09e5165a73c7702e3ae7bf5d057f5f1817d9,H2,"s0,s1,s2",10505,10921,10991,11534,12075,12384,10991,0.808930,,full-read:kubernetes-keps/files/keps/sig-cli/FAQ.md
b474fe0f45380000e80ee1a3931b09e5165a73c7702e3ae7bf5d057f5f1817d9,H3,"s0,s1,s2",10520,10968,10599,10916,11548,12135,10599,0.830657,,full-read:kubernetes-keps/files/keps/sig-cli/FAQ.md
b474fe0f45380000e80ee1a3931b09e5165a73c7702e3ae7bf5d057f5f1817d9,H4,"s0,s1,s2",10280,10623,10306,10528,11648,11908,10306,0.842505,,full-read:kubernetes-keps/files/keps/sig-cli/FAQ.md
bb6c06ba589f05646161fdcb12f7dc942554b85b1274af38038433855096f65a,H0,"s0,s1,s2",1452,1545,1479,1512,1631,1802,1479,1.000000,,full-read:openmlsys/files/v1/zh_chapters/chapter_rl_sys/summary.md
bb6c06ba589f05646161fdcb12f7dc942554b85b1274af38038433855096f65a,H1,"s0,s1,s2",1590,1644,1601,1668,1737,1811,1601,0.925266,,full-read:openmlsys/files/v1/zh_chapters/chapter_rl_sys/summary.md
bb6c06ba589f05646161fdcb12f7dc942554b85b1274af38038433855096f65a,H2,"s0,s1,s2",1576,1623,1588,1617,1762,1851,1588,0.926102,,full-read:openmlsys/files/v1/zh_chapters/chapter_rl_sys/summary.md
bb6c06ba589f05646161fdcb12f7dc942554b85b1274af38038433855096f65a,H3,"s0,s1,s2",1559,1583,1577,1632,1683,1719,1577,0.945966,,full-read:openmlsys/files/v1/zh_chapters/chapter_rl_sys/summary.md
bb6c06ba589f05646161fdcb12f7dc942554b85b1274af38038433855096f65a,H4,"s0,s1,s2",1558,1589,1566,1606,1692,1742,1566,0.946694,,full-read:openmlsys/files/v1/zh_chapters/chapter_rl_sys/summary.md
c82d1aefab1d91d83560bcc6d8d72e1dffb7b8ed08dc2a0c45307e26724db37a,H0,"s0,s1,s2",11689,12228,11786,12242,13309,13879,11786,1.000000,,full-read:rust-book/files/src/appendix-05-editions.md
c82d1aefab1d91d83560bcc6d8d72e1dffb7b8ed08dc2a0c45307e26724db37a,H1,"s0,s1,s2",14111,14556,14262,14709,15873,16610,14262,0.831057,,full-read:rust-book/files/src/appendix-05-editions.md
c82d1aefab1d91d83560bcc6d8d72e1dffb7b8ed08dc2a0c45307e26724db37a,H2,"s0,s1,s2",13594,13972,13988,14635,16012,16471,13988,0.844462,,full-read:rust-book/files/src/appendix-05-editions.md
c82d1aefab1d91d83560bcc6d8d72e1dffb7b8ed08dc2a0c45307e26724db37a,H3,"s0,s1,s2",13588,14052,13773,14210,15322,15796,13773,0.861516,,full-read:rust-book/files/src/appendix-05-editions.md
c82d1aefab1d91d83560bcc6d8d72e1dffb7b8ed08dc2a0c45307e26724db37a,H4,"s0,s1,s2",13287,13907,13321,14031,14884,15876,13321,0.886207,,full-read:rust-book/files/src/appendix-05-editions.md
cafa65c8d63e6ae9aa37ff6caba58199e731b75b8e75cf7bc319e6fbed250162,H0,"s0,s1,s2",46463,50054,46534,67149,47385,47969,46534,1.000000,,full-read:rust-rfcs/files/text/3289-source_replacement_ambiguity.md
cafa65c8d63e6ae9aa37ff6caba58199e731b75b8e75cf7bc319e6fbed250162,H1,"s0,s1,s2",63187,68926,63380,66983,63559,69700,63380,0.738336,,full-read:rust-rfcs/files/text/3289-source_replacement_ambiguity.md
cafa65c8d63e6ae9aa37ff6caba58199e731b75b8e75cf7bc319e6fbed250162,H2,"s0,s1,s2",65221,69118,66607,71587,67996,73091,66607,0.702602,,full-read:rust-rfcs/files/text/3289-source_replacement_ambiguity.md
cafa65c8d63e6ae9aa37ff6caba58199e731b75b8e75cf7bc319e6fbed250162,H3,"s0,s1,s2",64699,69700,65049,65918,65155,66371,65049,0.720240,,full-read:rust-rfcs/files/text/3289-source_replacement_ambiguity.md
cafa65c8d63e6ae9aa37ff6caba58199e731b75b8e75cf7bc319e6fbed250162,H4,"s0,s1,s2",62145,66243,62131,63911,62291,66369,62145,0.752419,,full-read:rust-rfcs/files/text/3289-source_replacement_ambiguity.md
d860ba409366765ed41d225d0d502810779e7dafc3b317cc6d9af043d3712198,H0,"s0,s1,s2",40305,41925,41010,42023,45320,50965,41010,1.000000,,full-read:oci-image/files/considerations.md
d860ba409366765ed41d225d0d502810779e7dafc3b317cc6d9af043d3712198,H1,"s0,s1,s2",59666,60714,59188,63538,64880,70774,59666,0.688899,,full-read:oci-image/files/considerations.md
d860ba409366765ed41d225d0d502810779e7dafc3b317cc6d9af043d3712198,H2,"s0,s1,s2",58918,63162,59780,61024,66690,72968,59780,0.683216,,full-read:oci-image/files/considerations.md
d860ba409366765ed41d225d0d502810779e7dafc3b317cc6d9af043d3712198,H3,"s0,s1,s2",62168,67663,59024,64020,63844,69916,62168,0.683819,,full-read:oci-image/files/considerations.md
d860ba409366765ed41d225d0d502810779e7dafc3b317cc6d9af043d3712198,H4,"s0,s1,s2",60601,64736,56731,60640,62539,68397,60601,0.703659,,full-read:oci-image/files/considerations.md
