trace_id,family,horse,K,s0_cumulative_ns,s1_cumulative_ns,s2_cumulative_ns
C2-L1-REPEATED-LOCAL-TEXT,L1,H0,1,273111,273216,274618
C2-L1-REPEATED-LOCAL-TEXT,L1,H0,2,543887,544506,546923
C2-L1-REPEATED-LOCAL-TEXT,L1,H0,4,1084269,1085759,1089508
C2-L1-REPEATED-LOCAL-TEXT,L1,H0,8,2167301,2170471,2181383
C2-L1-REPEATED-LOCAL-TEXT,L1,H0,16,4322677,4328940,4350093
C2-L1-REPEATED-LOCAL-TEXT,L1,H0,32,8604623,8622108,8652353
C2-L1-REPEATED-LOCAL-TEXT,L1,H0,64,17003695,17022550,17071226
C2-L1-REPEATED-LOCAL-TEXT,L1,H0,128,33673308,33705528,33797484
C2-L1-REPEATED-LOCAL-TEXT,L1,H1,1,101076,103979,99623
C2-L1-REPEATED-LOCAL-TEXT,L1,H1,2,192438,197589,188774
C2-L1-REPEATED-LOCAL-TEXT,L1,H1,4,373055,383803,363991
C2-L1-REPEATED-LOCAL-TEXT,L1,H1,8,735927,755075,714032
C2-L1-REPEATED-LOCAL-TEXT,L1,H1,16,1464228,1497560,1415315
C2-L1-REPEATED-LOCAL-TEXT,L1,H1,32,2919513,2984545,2814812
C2-L1-REPEATED-LOCAL-TEXT,L1,H1,64,5846169,5955726,5614926
C2-L1-REPEATED-LOCAL-TEXT,L1,H1,128,11696452,11953353,11228919
C2-L1-REPEATED-LOCAL-TEXT,L1,H2,1,105977,106512,106325
C2-L1-REPEATED-LOCAL-TEXT,L1,H2,2,205636,206373,206273
C2-L1-REPEATED-LOCAL-TEXT,L1,H2,4,405070,404851,404665
C2-L1-REPEATED-LOCAL-TEXT,L1,H2,8,800555,797708,798702
C2-L1-REPEATED-LOCAL-TEXT,L1,H2,16,1587674,1581130,1582100
C2-L1-REPEATED-LOCAL-TEXT,L1,H2,32,3162029,3144722,3147369
C2-L1-REPEATED-LOCAL-TEXT,L1,H2,64,6326757,6297504,6307610
C2-L1-REPEATED-LOCAL-TEXT,L1,H2,128,12661121,12606019,12609659
C2-L1-REPEATED-LOCAL-TEXT,L1,H3,1,86330,86100,86083
C2-L1-REPEATED-LOCAL-TEXT,L1,H3,2,164708,164649,164350
C2-L1-REPEATED-LOCAL-TEXT,L1,H3,4,318590,317839,318227
C2-L1-REPEATED-LOCAL-TEXT,L1,H3,8,623392,621836,623188
C2-L1-REPEATED-LOCAL-TEXT,L1,H3,16,1233849,1226396,1229809
C2-L1-REPEATED-LOCAL-TEXT,L1,H3,32,2452712,2434747,2444310
C2-L1-REPEATED-LOCAL-TEXT,L1,H3,64,4906540,4862986,4882199
C2-L1-REPEATED-LOCAL-TEXT,L1,H3,128,9798252,9718744,9745962
C2-L1-REPEATED-LOCAL-TEXT,L1,H4,1,46673,47418,48173
C2-L1-REPEATED-LOCAL-TEXT,L1,H4,2,90101,90957,92669
C2-L1-REPEATED-LOCAL-TEXT,L1,H4,4,176782,177844,180890
C2-L1-REPEATED-LOCAL-TEXT,L1,H4,8,350079,351698,355996
C2-L1-REPEATED-LOCAL-TEXT,L1,H4,16,697688,698910,707397
C2-L1-REPEATED-LOCAL-TEXT,L1,H4,32,1389191,1391572,1407616
C2-L1-REPEATED-LOCAL-TEXT,L1,H4,64,2773810,2776996,2807553
C2-L1-REPEATED-LOCAL-TEXT,L1,H4,128,5497060,5511350,5565405
C2-L2-MOVING-LOCAL-EDIT,L2,H0,1,272507,272799,276621
C2-L2-MOVING-LOCAL-EDIT,L2,H0,2,545588,546333,553196
C2-L2-MOVING-LOCAL-EDIT,L2,H0,4,1089028,1090541,1103878
C2-L2-MOVING-LOCAL-EDIT,L2,H0,8,2174114,2176968,2203249
C2-L2-MOVING-LOCAL-EDIT,L2,H0,16,4333566,4338656,4392175
C2-L2-MOVING-LOCAL-EDIT,L2,H0,32,8630893,8639441,8747185
C2-L2-MOVING-LOCAL-EDIT,L2,H0,64,17036972,17079498,17280393
C2-L2-MOVING-LOCAL-EDIT,L2,H0,128,33697617,33793272,34206055
C2-L2-MOVING-LOCAL-EDIT,L2,H1,1,132037,137896,122936
C2-L2-MOVING-LOCAL-EDIT,L2,H1,2,253987,263879,237491
C2-L2-MOVING-LOCAL-EDIT,L2,H1,4,496452,514503,460998
C2-L2-MOVING-LOCAL-EDIT,L2,H1,8,979967,1017628,911808
C2-L2-MOVING-LOCAL-EDIT,L2,H1,16,1942202,2015607,1802586
C2-L2-MOVING-LOCAL-EDIT,L2,H1,32,3847944,3988061,3560092
C2-L2-MOVING-LOCAL-EDIT,L2,H1,64,7562592,7838206,6984085
C2-L2-MOVING-LOCAL-EDIT,L2,H1,128,14577613,15108079,13534126
C2-L2-MOVING-LOCAL-EDIT,L2,H2,1,76738,76258,81345
C2-L2-MOVING-LOCAL-EDIT,L2,H2,2,178511,178081,191363
C2-L2-MOVING-LOCAL-EDIT,L2,H2,4,380436,378260,396645
C2-L2-MOVING-LOCAL-EDIT,L2,H2,8,780060,774102,812444
C2-L2-MOVING-LOCAL-EDIT,L2,H2,16,1585851,1569894,1656403
C2-L2-MOVING-LOCAL-EDIT,L2,H2,32,3182507,3152587,3278115
C2-L2-MOVING-LOCAL-EDIT,L2,H2,64,6370353,6319739,6533725
C2-L2-MOVING-LOCAL-EDIT,L2,H2,128,12768685,12648939,13004614
C2-L2-MOVING-LOCAL-EDIT,L2,H3,1,74262,74003,75661
C2-L2-MOVING-LOCAL-EDIT,L2,H3,2,153542,153508,155868
C2-L2-MOVING-LOCAL-EDIT,L2,H3,4,308660,308916,311408
C2-L2-MOVING-LOCAL-EDIT,L2,H3,8,616827,616844,621890
C2-L2-MOVING-LOCAL-EDIT,L2,H3,16,1233522,1234072,1243127
C2-L2-MOVING-LOCAL-EDIT,L2,H3,32,2461938,2461724,2477502
C2-L2-MOVING-LOCAL-EDIT,L2,H3,64,4920640,4912959,4942230
C2-L2-MOVING-LOCAL-EDIT,L2,H3,128,9819174,9806353,9875852
C2-L2-MOVING-LOCAL-EDIT,L2,H4,1,46961,47494,48205
C2-L2-MOVING-LOCAL-EDIT,L2,H4,2,90767,91266,92893
C2-L2-MOVING-LOCAL-EDIT,L2,H4,4,178148,178804,181980
C2-L2-MOVING-LOCAL-EDIT,L2,H4,8,352225,352872,357810
C2-L2-MOVING-LOCAL-EDIT,L2,H4,16,699793,701603,709777
C2-L2-MOVING-LOCAL-EDIT,L2,H4,32,1394540,1397534,1412241
C2-L2-MOVING-LOCAL-EDIT,L2,H4,64,2781004,2788023,2817812
C2-L2-MOVING-LOCAL-EDIT,L2,H4,128,5529503,5539779,5613600
C2-L3-PARAGRAPH-SPLIT-RESTORE,L3,H0,1,269175,270395,275375
C2-L3-PARAGRAPH-SPLIT-RESTORE,L3,H0,2,538600,540387,549594
C2-L3-PARAGRAPH-SPLIT-RESTORE,L3,H0,4,1078229,1080960,1106565
C2-L3-PARAGRAPH-SPLIT-RESTORE,L3,H0,8,2153047,2156183,2198473
C2-L3-PARAGRAPH-SPLIT-RESTORE,L3,H0,16,4294682,4301845,4401968
C2-L3-PARAGRAPH-SPLIT-RESTORE,L3,H0,32,8581076,8593199,8778980
C2-L3-PARAGRAPH-SPLIT-RESTORE,L3,H0,64,17030317,17053131,17306150
C2-L3-PARAGRAPH-SPLIT-RESTORE,L3,H0,128,33694978,33751026,34212624
C2-L3-PARAGRAPH-SPLIT-RESTORE,L3,H1,1,133294,133820,130945
C2-L3-PARAGRAPH-SPLIT-RESTORE,L3,H1,2,486931,499536,482154
C2-L3-PARAGRAPH-SPLIT-RESTORE,L3,H1,4,965587,993664,965199
C2-L3-PARAGRAPH-SPLIT-RESTORE,L3,H1,8,1904153,1966372,1901889
C2-L3-PARAGRAPH-SPLIT-RESTORE,L3,H1,16,3782343,3910657,3771280
C2-L3-PARAGRAPH-SPLIT-RESTORE,L3,H1,32,7521033,7793989,7536872
C2-L3-PARAGRAPH-SPLIT-RESTORE,L3,H1,64,14987580,15551993,14953571
C2-L3-PARAGRAPH-SPLIT-RESTORE,L3,H1,128,29793880,30931773,29752009
C2-L3-PARAGRAPH-SPLIT-RESTORE,L3,H2,1,116884,117148,119478
C2-L3-PARAGRAPH-SPLIT-RESTORE,L3,H2,2,221889,222714,227127
C2-L3-PARAGRAPH-SPLIT-RESTORE,L3,H2,4,435219,436934,443229
C2-L3-PARAGRAPH-SPLIT-RESTORE,L3,H2,8,858540,858809,883221
C2-L3-PARAGRAPH-SPLIT-RESTORE,L3,H2,16,1704579,1701205,1757179
C2-L3-PARAGRAPH-SPLIT-RESTORE,L3,H2,32,3390154,3392075,3505412
C2-L3-PARAGRAPH-SPLIT-RESTORE,L3,H2,64,6761898,6767383,6984618
C2-L3-PARAGRAPH-SPLIT-RESTORE,L3,H2,128,13555450,13541206,13908862
C2-L3-PARAGRAPH-SPLIT-RESTORE,L3,H3,1,97502,96784,105974
C2-L3-PARAGRAPH-SPLIT-RESTORE,L3,H3,2,177120,176044,192148
C2-L3-PARAGRAPH-SPLIT-RESTORE,L3,H3,4,344158,342109,373006
C2-L3-PARAGRAPH-SPLIT-RESTORE,L3,H3,8,673719,668702,727217
C2-L3-PARAGRAPH-SPLIT-RESTORE,L3,H3,16,1332865,1325584,1438120
C2-L3-PARAGRAPH-SPLIT-RESTORE,L3,H3,32,2656797,2648590,2872213
C2-L3-PARAGRAPH-SPLIT-RESTORE,L3,H3,64,5302124,5288539,5739633
C2-L3-PARAGRAPH-SPLIT-RESTORE,L3,H3,128,10587476,10555388,11454366
C2-L3-PARAGRAPH-SPLIT-RESTORE,L3,H4,1,52621,52123,54200
C2-L3-PARAGRAPH-SPLIT-RESTORE,L3,H4,2,96370,95573,100080
C2-L3-PARAGRAPH-SPLIT-RESTORE,L3,H4,4,186517,185576,192646
C2-L3-PARAGRAPH-SPLIT-RESTORE,L3,H4,8,366578,364367,378689
C2-L3-PARAGRAPH-SPLIT-RESTORE,L3,H4,16,726897,721308,747252
C2-L3-PARAGRAPH-SPLIT-RESTORE,L3,H4,32,1428547,1416798,1473240
C2-L3-PARAGRAPH-SPLIT-RESTORE,L3,H4,64,2823650,2802465,2913418
C2-L3-PARAGRAPH-SPLIT-RESTORE,L3,H4,128,5637002,5585140,5828720
C2-L4-CONTAINER-MUTATION,L4,H0,1,445741,443922,483118
C2-L4-CONTAINER-MUTATION,L4,H0,2,893146,888448,969108
C2-L4-CONTAINER-MUTATION,L4,H0,4,1807012,1769162,1924149
C2-L4-CONTAINER-MUTATION,L4,H0,8,3590534,3527787,3843387
C2-L4-CONTAINER-MUTATION,L4,H0,16,7123116,7019396,7663013
C2-L4-CONTAINER-MUTATION,L4,H0,32,14049810,13887238,15149954
C2-L4-CONTAINER-MUTATION,L4,H0,64,27532633,27325320,29835381
C2-L4-CONTAINER-MUTATION,L4,H0,128,54054550,53745083,58821159
C2-L4-CONTAINER-MUTATION,L4,H1,1,279386,282870,293418
C2-L4-CONTAINER-MUTATION,L4,H1,2,538876,548884,564764
C2-L4-CONTAINER-MUTATION,L4,H1,4,1045742,1065258,1102606
C2-L4-CONTAINER-MUTATION,L4,H1,8,2052418,2087926,2156411
C2-L4-CONTAINER-MUTATION,L4,H1,16,4054182,4124946,4264400
C2-L4-CONTAINER-MUTATION,L4,H1,32,8065667,8186102,8466622
C2-L4-CONTAINER-MUTATION,L4,H1,64,15942754,16190837,16722279
C2-L4-CONTAINER-MUTATION,L4,H1,128,31525084,32009817,32999398
C2-L4-CONTAINER-MUTATION,L4,H2,1,316410,312355,350500
C2-L4-CONTAINER-MUTATION,L4,H2,2,630839,622458,696214
C2-L4-CONTAINER-MUTATION,L4,H2,4,1245259,1234112,1380897
C2-L4-CONTAINER-MUTATION,L4,H2,8,2485539,2466549,2750590
C2-L4-CONTAINER-MUTATION,L4,H2,16,4973962,4930889,5478983
C2-L4-CONTAINER-MUTATION,L4,H2,32,9975255,9884337,10966206
C2-L4-CONTAINER-MUTATION,L4,H2,64,20045129,19845116,22012964
C2-L4-CONTAINER-MUTATION,L4,H2,128,40263953,39931328,44276942
C2-L4-CONTAINER-MUTATION,L4,H3,1,288998,286152,308078
C2-L4-CONTAINER-MUTATION,L4,H3,2,568371,563865,608518
C2-L4-CONTAINER-MUTATION,L4,H3,4,1123653,1115605,1200253
C2-L4-CONTAINER-MUTATION,L4,H3,8,2229553,2214976,2378771
C2-L4-CONTAINER-MUTATION,L4,H3,16,4454953,4420429,4737559
C2-L4-CONTAINER-MUTATION,L4,H3,32,8917931,8847455,9510943
C2-L4-CONTAINER-MUTATION,L4,H3,64,17930178,17774636,19165986
C2-L4-CONTAINER-MUTATION,L4,H3,128,36031951,35718573,38600063
C2-L4-CONTAINER-MUTATION,L4,H4,1,196009,195596,216730
C2-L4-CONTAINER-MUTATION,L4,H4,2,387828,387114,423550
C2-L4-CONTAINER-MUTATION,L4,H4,4,767497,764758,830276
C2-L4-CONTAINER-MUTATION,L4,H4,8,1524475,1517058,1648066
C2-L4-CONTAINER-MUTATION,L4,H4,16,3030876,3014891,3260327
C2-L4-CONTAINER-MUTATION,L4,H4,32,6022129,5994655,6512707
C2-L4-CONTAINER-MUTATION,L4,H4,64,11922641,11884483,12842590
C2-L4-CONTAINER-MUTATION,L4,H4,128,23517616,23464187,25282335
C2-L5-FENCE-OPEN-RESTORE,L5,H0,1,260304,263126,281119
C2-L5-FENCE-OPEN-RESTORE,L5,H0,2,676370,683117,719553
C2-L5-FENCE-OPEN-RESTORE,L5,H0,4,1352605,1363237,1441780
C2-L5-FENCE-OPEN-RESTORE,L5,H0,8,2700934,2719773,2872816
C2-L5-FENCE-OPEN-RESTORE,L5,H0,16,5387955,5420724,5735452
C2-L5-FENCE-OPEN-RESTORE,L5,H0,32,10708083,10769610,11385903
C2-L5-FENCE-OPEN-RESTORE,L5,H0,64,21131810,21271849,22438051
C2-L5-FENCE-OPEN-RESTORE,L5,H0,128,41808447,42116774,44528212
C2-L5-FENCE-OPEN-RESTORE,L5,H1,1,412845,429374,415771
C2-L5-FENCE-OPEN-RESTORE,L5,H1,2,723379,723357,716157
C2-L5-FENCE-OPEN-RESTORE,L5,H1,4,1424034,1425294,1415853
C2-L5-FENCE-OPEN-RESTORE,L5,H1,8,2817611,2821244,2806622
C2-L5-FENCE-OPEN-RESTORE,L5,H1,16,5623113,5629966,5605236
C2-L5-FENCE-OPEN-RESTORE,L5,H1,32,11242580,11259222,11204884
C2-L5-FENCE-OPEN-RESTORE,L5,H1,64,22485797,22494871,22460476
C2-L5-FENCE-OPEN-RESTORE,L5,H1,128,44752189,44751195,44810946
C2-L5-FENCE-OPEN-RESTORE,L5,H2,1,237033,239244,240873
C2-L5-FENCE-OPEN-RESTORE,L5,H2,2,5621686,5620196,5948115
C2-L5-FENCE-OPEN-RESTORE,L5,H2,4,11188490,11223894,11763088
C2-L5-FENCE-OPEN-RESTORE,L5,H2,8,22383398,22462680,23385592
C2-L5-FENCE-OPEN-RESTORE,L5,H2,16,44829729,44998746,46251231
C2-L5-FENCE-OPEN-RESTORE,L5,H2,32,89850671,90220067,92316191
C2-L5-FENCE-OPEN-RESTORE,L5,H2,64,180634051,181449940,185591452
C2-L5-FENCE-OPEN-RESTORE,L5,H2,128,362312937,363872517,370780492
C2-L5-FENCE-OPEN-RESTORE,L5,H3,1,200763,200492,203431
C2-L5-FENCE-OPEN-RESTORE,L5,H3,2,5601047,5610222,5744808
C2-L5-FENCE-OPEN-RESTORE,L5,H3,4,11177882,11195493,11495131
C2-L5-FENCE-OPEN-RESTORE,L5,H3,8,22407585,22549073,23050299
C2-L5-FENCE-OPEN-RESTORE,L5,H3,16,44844652,45000029,45962666
C2-L5-FENCE-OPEN-RESTORE,L5,H3,32,89812430,90202176,92100491
C2-L5-FENCE-OPEN-RESTORE,L5,H3,64,180753641,181337182,184710250
C2-L5-FENCE-OPEN-RESTORE,L5,H3,128,364625158,365520836,373189454
C2-L5-FENCE-OPEN-RESTORE,L5,H4,1,131519,131518,132404
C2-L5-FENCE-OPEN-RESTORE,L5,H4,2,480594,471967,486564
C2-L5-FENCE-OPEN-RESTORE,L5,H4,4,954837,933576,963409
C2-L5-FENCE-OPEN-RESTORE,L5,H4,8,1898738,1856604,1923047
C2-L5-FENCE-OPEN-RESTORE,L5,H4,16,3787169,3703026,3822289
C2-L5-FENCE-OPEN-RESTORE,L5,H4,32,7546382,7378386,7632970
C2-L5-FENCE-OPEN-RESTORE,L5,H4,64,15032336,14702433,15245756
C2-L5-FENCE-OPEN-RESTORE,L5,H4,128,29883097,29201014,30268320
C2-L6-REFDEF-CHANGE-RESTORE,L6,H0,1,564877,568993,570866
C2-L6-REFDEF-CHANGE-RESTORE,L6,H0,2,1138399,1147348,1151826
C2-L6-REFDEF-CHANGE-RESTORE,L6,H0,4,2287602,2304555,2310453
C2-L6-REFDEF-CHANGE-RESTORE,L6,H0,8,4602298,4632667,4668180
C2-L6-REFDEF-CHANGE-RESTORE,L6,H0,16,9243524,9299449,9380631
C2-L6-REFDEF-CHANGE-RESTORE,L6,H0,32,18619728,18696147,18851125
C2-L6-REFDEF-CHANGE-RESTORE,L6,H0,64,37627640,37782599,38141115
C2-L6-REFDEF-CHANGE-RESTORE,L6,H0,128,76216370,76468328,77063356
C2-L6-REFDEF-CHANGE-RESTORE,L6,H1,1,818607,853168,820930
C2-L6-REFDEF-CHANGE-RESTORE,L6,H1,2,1570120,1655473,1614766
C2-L6-REFDEF-CHANGE-RESTORE,L6,H1,4,3074936,3243125,3166563
C2-L6-REFDEF-CHANGE-RESTORE,L6,H1,8,6130927,6464454,6279556
C2-L6-REFDEF-CHANGE-RESTORE,L6,H1,16,12262020,12861780,12478436
C2-L6-REFDEF-CHANGE-RESTORE,L6,H1,32,24466251,25682179,24859551
C2-L6-REFDEF-CHANGE-RESTORE,L6,H1,64,49306733,51690434,50047694
C2-L6-REFDEF-CHANGE-RESTORE,L6,H1,128,99547304,104213902,101322227
C2-L6-REFDEF-CHANGE-RESTORE,L6,H2,1,1786089,1807469,1869979
C2-L6-REFDEF-CHANGE-RESTORE,L6,H2,2,3616545,3651295,3794862
C2-L6-REFDEF-CHANGE-RESTORE,L6,H2,4,7297288,7343142,7656570
C2-L6-REFDEF-CHANGE-RESTORE,L6,H2,8,14646046,14716904,15400199
C2-L6-REFDEF-CHANGE-RESTORE,L6,H2,16,29350811,29526829,30824251
C2-L6-REFDEF-CHANGE-RESTORE,L6,H2,32,58776448,59185576,61309558
C2-L6-REFDEF-CHANGE-RESTORE,L6,H2,64,117524600,118540885,122478435
C2-L6-REFDEF-CHANGE-RESTORE,L6,H2,128,234926559,237115581,246273828
C2-L6-REFDEF-CHANGE-RESTORE,L6,H3,1,1701057,1690382,1825915
C2-L6-REFDEF-CHANGE-RESTORE,L6,H3,2,3512610,3488148,3746506
C2-L6-REFDEF-CHANGE-RESTORE,L6,H3,4,7135518,7081193,7584256
C2-L6-REFDEF-CHANGE-RESTORE,L6,H3,8,14371007,14254126,15211139
C2-L6-REFDEF-CHANGE-RESTORE,L6,H3,16,28964401,28636627,30492996
C2-L6-REFDEF-CHANGE-RESTORE,L6,H3,32,57975676,57493563,60714622
C2-L6-REFDEF-CHANGE-RESTORE,L6,H3,64,116139237,115370634,121361573
C2-L6-REFDEF-CHANGE-RESTORE,L6,H3,128,231977858,230897528,243196137
C2-L6-REFDEF-CHANGE-RESTORE,L6,H4,1,790696,772318,793005
C2-L6-REFDEF-CHANGE-RESTORE,L6,H4,2,1542273,1520485,1554741
C2-L6-REFDEF-CHANGE-RESTORE,L6,H4,4,3079166,3031427,3086002
C2-L6-REFDEF-CHANGE-RESTORE,L6,H4,8,6145047,6052691,6155066
C2-L6-REFDEF-CHANGE-RESTORE,L6,H4,16,12285500,12151459,12382307
C2-L6-REFDEF-CHANGE-RESTORE,L6,H4,32,24621713,24379904,25029691
C2-L6-REFDEF-CHANGE-RESTORE,L6,H4,64,49842572,49341098,50456000
C2-L6-REFDEF-CHANGE-RESTORE,L6,H4,128,101624796,100749252,102940034
C2-L7-MIXED-EDITOR-SEQUENCE,L7,H0,1,274256,290363,274795
C2-L7-MIXED-EDITOR-SEQUENCE,L7,H0,2,548747,566691,546846
C2-L7-MIXED-EDITOR-SEQUENCE,L7,H0,4,1098710,1136687,1099455
C2-L7-MIXED-EDITOR-SEQUENCE,L7,H0,8,2197419,2274046,2199016
C2-L7-MIXED-EDITOR-SEQUENCE,L7,H0,16,4377581,4447266,4376174
C2-L7-MIXED-EDITOR-SEQUENCE,L7,H0,32,8709721,8761345,8743631
C2-L7-MIXED-EDITOR-SEQUENCE,L7,H0,64,17230716,17284864,17303771
C2-L7-MIXED-EDITOR-SEQUENCE,L7,H0,128,34134257,34122032,34156154
C2-L7-MIXED-EDITOR-SEQUENCE,L7,H1,1,125781,134063,115733
C2-L7-MIXED-EDITOR-SEQUENCE,L7,H1,2,243754,256394,223304
C2-L7-MIXED-EDITOR-SEQUENCE,L7,H1,4,478873,500281,436597
C2-L7-MIXED-EDITOR-SEQUENCE,L7,H1,8,946520,985624,862874
C2-L7-MIXED-EDITOR-SEQUENCE,L7,H1,16,1871601,1946047,1708478
C2-L7-MIXED-EDITOR-SEQUENCE,L7,H1,32,3683404,3823650,3361890
C2-L7-MIXED-EDITOR-SEQUENCE,L7,H1,64,7149918,7436457,6546788
C2-L7-MIXED-EDITOR-SEQUENCE,L7,H1,128,14233285,14801310,13218405
C2-L7-MIXED-EDITOR-SEQUENCE,L7,H2,1,75929,76077,78004
C2-L7-MIXED-EDITOR-SEQUENCE,L7,H2,2,148128,148207,151880
C2-L7-MIXED-EDITOR-SEQUENCE,L7,H2,4,289974,289379,296542
C2-L7-MIXED-EDITOR-SEQUENCE,L7,H2,8,686134,684030,696879
C2-L7-MIXED-EDITOR-SEQUENCE,L7,H2,16,1477939,1473074,1503116
C2-L7-MIXED-EDITOR-SEQUENCE,L7,H2,32,3067346,3055374,3119738
C2-L7-MIXED-EDITOR-SEQUENCE,L7,H2,64,6253750,6232714,6364605
C2-L7-MIXED-EDITOR-SEQUENCE,L7,H2,128,12622951,12587870,12811961
C2-L7-MIXED-EDITOR-SEQUENCE,L7,H3,1,74457,74348,78331
C2-L7-MIXED-EDITOR-SEQUENCE,L7,H3,2,142651,142338,149319
C2-L7-MIXED-EDITOR-SEQUENCE,L7,H3,4,276423,275458,286741
C2-L7-MIXED-EDITOR-SEQUENCE,L7,H3,8,584889,582337,599922
C2-L7-MIXED-EDITOR-SEQUENCE,L7,H3,16,1203937,1197465,1239390
C2-L7-MIXED-EDITOR-SEQUENCE,L7,H3,32,2436597,2423604,2497290
C2-L7-MIXED-EDITOR-SEQUENCE,L7,H3,64,4906916,4880340,5031353
C2-L7-MIXED-EDITOR-SEQUENCE,L7,H3,128,9829939,9787072,10076433
C2-L7-MIXED-EDITOR-SEQUENCE,L7,H4,1,46492,46368,47533
C2-L7-MIXED-EDITOR-SEQUENCE,L7,H4,2,89723,89732,93318
C2-L7-MIXED-EDITOR-SEQUENCE,L7,H4,4,175279,175242,180936
C2-L7-MIXED-EDITOR-SEQUENCE,L7,H4,8,346711,345732,357074
C2-L7-MIXED-EDITOR-SEQUENCE,L7,H4,16,687786,686666,704551
C2-L7-MIXED-EDITOR-SEQUENCE,L7,H4,32,1368114,1363908,1399503
C2-L7-MIXED-EDITOR-SEQUENCE,L7,H4,64,2732032,2722128,2790649
C2-L7-MIXED-EDITOR-SEQUENCE,L7,H4,128,5452582,5433233,5563906
C2-REAL-PAIR|G0-ATX-TO-PARAGRAPH|d2l-en/files/chapter_appendix-tools-for-deep-learning/utils.md|heading_atx#0@110-141,real_break_restore,H0,1,54597,54452,54427
C2-REAL-PAIR|G0-ATX-TO-PARAGRAPH|d2l-en/files/chapter_appendix-tools-for-deep-learning/utils.md|heading_atx#0@110-141,real_break_restore,H0,2,108966,108617,108646
C2-REAL-PAIR|G0-ATX-TO-PARAGRAPH|d2l-en/files/chapter_appendix-tools-for-deep-learning/utils.md|heading_atx#0@110-141,real_break_restore,H0,4,216939,216546,216270
C2-REAL-PAIR|G0-ATX-TO-PARAGRAPH|d2l-en/files/chapter_appendix-tools-for-deep-learning/utils.md|heading_atx#0@110-141,real_break_restore,H0,8,432500,431697,431328
C2-REAL-PAIR|G0-ATX-TO-PARAGRAPH|d2l-en/files/chapter_appendix-tools-for-deep-learning/utils.md|heading_atx#0@110-141,real_break_restore,H0,16,861205,859967,859216
C2-REAL-PAIR|G0-ATX-TO-PARAGRAPH|d2l-en/files/chapter_appendix-tools-for-deep-learning/utils.md|heading_atx#0@110-141,real_break_restore,H0,32,1714826,1709730,1707814
C2-REAL-PAIR|G0-ATX-TO-PARAGRAPH|d2l-en/files/chapter_appendix-tools-for-deep-learning/utils.md|heading_atx#0@110-141,real_break_restore,H0,64,3412002,3407816,3402525
C2-REAL-PAIR|G0-ATX-TO-PARAGRAPH|d2l-en/files/chapter_appendix-tools-for-deep-learning/utils.md|heading_atx#0@110-141,real_break_restore,H0,128,6802653,6800405,6790468
C2-REAL-PAIR|G0-ATX-TO-PARAGRAPH|d2l-en/files/chapter_appendix-tools-for-deep-learning/utils.md|heading_atx#0@110-141,real_break_restore,H1,1,63804,65524,63791
C2-REAL-PAIR|G0-ATX-TO-PARAGRAPH|d2l-en/files/chapter_appendix-tools-for-deep-learning/utils.md|heading_atx#0@110-141,real_break_restore,H1,2,127330,130333,127072
C2-REAL-PAIR|G0-ATX-TO-PARAGRAPH|d2l-en/files/chapter_appendix-tools-for-deep-learning/utils.md|heading_atx#0@110-141,real_break_restore,H1,4,252173,258218,252400
C2-REAL-PAIR|G0-ATX-TO-PARAGRAPH|d2l-en/files/chapter_appendix-tools-for-deep-learning/utils.md|heading_atx#0@110-141,real_break_restore,H1,8,499413,511403,499500
C2-REAL-PAIR|G0-ATX-TO-PARAGRAPH|d2l-en/files/chapter_appendix-tools-for-deep-learning/utils.md|heading_atx#0@110-141,real_break_restore,H1,16,991917,1016792,992395
C2-REAL-PAIR|G0-ATX-TO-PARAGRAPH|d2l-en/files/chapter_appendix-tools-for-deep-learning/utils.md|heading_atx#0@110-141,real_break_restore,H1,32,1979003,2033082,1977246
C2-REAL-PAIR|G0-ATX-TO-PARAGRAPH|d2l-en/files/chapter_appendix-tools-for-deep-learning/utils.md|heading_atx#0@110-141,real_break_restore,H1,64,3947306,4066796,3941380
C2-REAL-PAIR|G0-ATX-TO-PARAGRAPH|d2l-en/files/chapter_appendix-tools-for-deep-learning/utils.md|heading_atx#0@110-141,real_break_restore,H1,128,7890274,8117941,7879559
C2-REAL-PAIR|G0-ATX-TO-PARAGRAPH|d2l-en/files/chapter_appendix-tools-for-deep-learning/utils.md|heading_atx#0@110-141,real_break_restore,H2,1,11399,11393,11362
C2-REAL-PAIR|G0-ATX-TO-PARAGRAPH|d2l-en/files/chapter_appendix-tools-for-deep-learning/utils.md|heading_atx#0@110-141,real_break_restore,H2,2,20873,20972,20958
C2-REAL-PAIR|G0-ATX-TO-PARAGRAPH|d2l-en/files/chapter_appendix-tools-for-deep-learning/utils.md|heading_atx#0@110-141,real_break_restore,H2,4,38937,39202,39238
C2-REAL-PAIR|G0-ATX-TO-PARAGRAPH|d2l-en/files/chapter_appendix-tools-for-deep-learning/utils.md|heading_atx#0@110-141,real_break_restore,H2,8,74015,74632,74739
C2-REAL-PAIR|G0-ATX-TO-PARAGRAPH|d2l-en/files/chapter_appendix-tools-for-deep-learning/utils.md|heading_atx#0@110-141,real_break_restore,H2,16,142625,144167,144034
C2-REAL-PAIR|G0-ATX-TO-PARAGRAPH|d2l-en/files/chapter_appendix-tools-for-deep-learning/utils.md|heading_atx#0@110-141,real_break_restore,H2,32,279658,283565,283366
C2-REAL-PAIR|G0-ATX-TO-PARAGRAPH|d2l-en/files/chapter_appendix-tools-for-deep-learning/utils.md|heading_atx#0@110-141,real_break_restore,H2,64,550752,559590,559201
C2-REAL-PAIR|G0-ATX-TO-PARAGRAPH|d2l-en/files/chapter_appendix-tools-for-deep-learning/utils.md|heading_atx#0@110-141,real_break_restore,H2,128,1092375,1111800,1113001
C2-REAL-PAIR|G0-ATX-TO-PARAGRAPH|d2l-en/files/chapter_appendix-tools-for-deep-learning/utils.md|heading_atx#0@110-141,real_break_restore,H3,1,10782,10857,10780
C2-REAL-PAIR|G0-ATX-TO-PARAGRAPH|d2l-en/files/chapter_appendix-tools-for-deep-learning/utils.md|heading_atx#0@110-141,real_break_restore,H3,2,20078,20274,20132
C2-REAL-PAIR|G0-ATX-TO-PARAGRAPH|d2l-en/files/chapter_appendix-tools-for-deep-learning/utils.md|heading_atx#0@110-141,real_break_restore,H3,4,37087,37280,37255
C2-REAL-PAIR|G0-ATX-TO-PARAGRAPH|d2l-en/files/chapter_appendix-tools-for-deep-learning/utils.md|heading_atx#0@110-141,real_break_restore,H3,8,71251,71173,71213
C2-REAL-PAIR|G0-ATX-TO-PARAGRAPH|d2l-en/files/chapter_appendix-tools-for-deep-learning/utils.md|heading_atx#0@110-141,real_break_restore,H3,16,137871,137489,137548
C2-REAL-PAIR|G0-ATX-TO-PARAGRAPH|d2l-en/files/chapter_appendix-tools-for-deep-learning/utils.md|heading_atx#0@110-141,real_break_restore,H3,32,271264,270187,270078
C2-REAL-PAIR|G0-ATX-TO-PARAGRAPH|d2l-en/files/chapter_appendix-tools-for-deep-learning/utils.md|heading_atx#0@110-141,real_break_restore,H3,64,536492,535955,535739
C2-REAL-PAIR|G0-ATX-TO-PARAGRAPH|d2l-en/files/chapter_appendix-tools-for-deep-learning/utils.md|heading_atx#0@110-141,real_break_restore,H3,128,1065893,1066056,1065097
C2-REAL-PAIR|G0-ATX-TO-PARAGRAPH|d2l-en/files/chapter_appendix-tools-for-deep-learning/utils.md|heading_atx#0@110-141,real_break_restore,H4,1,4679,4889,4698
C2-REAL-PAIR|G0-ATX-TO-PARAGRAPH|d2l-en/files/chapter_appendix-tools-for-deep-learning/utils.md|heading_atx#0@110-141,real_break_restore,H4,2,8639,8900,8764
C2-REAL-PAIR|G0-ATX-TO-PARAGRAPH|d2l-en/files/chapter_appendix-tools-for-deep-learning/utils.md|heading_atx#0@110-141,real_break_restore,H4,4,15729,16062,16008
C2-REAL-PAIR|G0-ATX-TO-PARAGRAPH|d2l-en/files/chapter_appendix-tools-for-deep-learning/utils.md|heading_atx#0@110-141,real_break_restore,H4,8,29105,29378,29613
C2-REAL-PAIR|G0-ATX-TO-PARAGRAPH|d2l-en/files/chapter_appendix-tools-for-deep-learning/utils.md|heading_atx#0@110-141,real_break_restore,H4,16,55659,55667,56485
C2-REAL-PAIR|G0-ATX-TO-PARAGRAPH|d2l-en/files/chapter_appendix-tools-for-deep-learning/utils.md|heading_atx#0@110-141,real_break_restore,H4,32,108394,107970,110025
C2-REAL-PAIR|G0-ATX-TO-PARAGRAPH|d2l-en/files/chapter_appendix-tools-for-deep-learning/utils.md|heading_atx#0@110-141,real_break_restore,H4,64,213209,212606,217271
C2-REAL-PAIR|G0-ATX-TO-PARAGRAPH|d2l-en/files/chapter_appendix-tools-for-deep-learning/utils.md|heading_atx#0@110-141,real_break_restore,H4,128,422382,420209,430220
C2-REAL-PAIR|G0-BQ-NEST-LINE|opentelemetry-spec/files/specification/library-layout.md|block_quote#0@618-692,real_break_restore,H0,1,23598,23547,23499
C2-REAL-PAIR|G0-BQ-NEST-LINE|opentelemetry-spec/files/specification/library-layout.md|block_quote#0@618-692,real_break_restore,H0,2,46941,47071,46817
C2-REAL-PAIR|G0-BQ-NEST-LINE|opentelemetry-spec/files/specification/library-layout.md|block_quote#0@618-692,real_break_restore,H0,4,91753,92070,91583
C2-REAL-PAIR|G0-BQ-NEST-LINE|opentelemetry-spec/files/specification/library-layout.md|block_quote#0@618-692,real_break_restore,H0,8,177157,177882,176771
C2-REAL-PAIR|G0-BQ-NEST-LINE|opentelemetry-spec/files/specification/library-layout.md|block_quote#0@618-692,real_break_restore,H0,16,342775,344679,342178
C2-REAL-PAIR|G0-BQ-NEST-LINE|opentelemetry-spec/files/specification/library-layout.md|block_quote#0@618-692,real_break_restore,H0,32,666137,668495,664050
C2-REAL-PAIR|G0-BQ-NEST-LINE|opentelemetry-spec/files/specification/library-layout.md|block_quote#0@618-692,real_break_restore,H0,64,1289111,1290554,1281021
C2-REAL-PAIR|G0-BQ-NEST-LINE|opentelemetry-spec/files/specification/library-layout.md|block_quote#0@618-692,real_break_restore,H0,128,2575719,2580776,2561782
C2-REAL-PAIR|G0-BQ-NEST-LINE|opentelemetry-spec/files/specification/library-layout.md|block_quote#0@618-692,real_break_restore,H1,1,35293,36567,35367
C2-REAL-PAIR|G0-BQ-NEST-LINE|opentelemetry-spec/files/specification/library-layout.md|block_quote#0@618-692,real_break_restore,H1,2,50168,51752,49726
C2-REAL-PAIR|G0-BQ-NEST-LINE|opentelemetry-spec/files/specification/library-layout.md|block_quote#0@618-692,real_break_restore,H1,4,98820,101778,97984
C2-REAL-PAIR|G0-BQ-NEST-LINE|opentelemetry-spec/files/specification/library-layout.md|block_quote#0@618-692,real_break_restore,H1,8,193148,198535,191177
C2-REAL-PAIR|G0-BQ-NEST-LINE|opentelemetry-spec/files/specification/library-layout.md|block_quote#0@618-692,real_break_restore,H1,16,378057,389024,373681
C2-REAL-PAIR|G0-BQ-NEST-LINE|opentelemetry-spec/files/specification/library-layout.md|block_quote#0@618-692,real_break_restore,H1,32,738739,761747,730682
C2-REAL-PAIR|G0-BQ-NEST-LINE|opentelemetry-spec/files/specification/library-layout.md|block_quote#0@618-692,real_break_restore,H1,64,1430171,1468858,1411921
C2-REAL-PAIR|G0-BQ-NEST-LINE|opentelemetry-spec/files/specification/library-layout.md|block_quote#0@618-692,real_break_restore,H1,128,2780674,2860620,2744291
C2-REAL-PAIR|G0-BQ-NEST-LINE|opentelemetry-spec/files/specification/library-layout.md|block_quote#0@618-692,real_break_restore,H2,1,13450,14115,13597
C2-REAL-PAIR|G0-BQ-NEST-LINE|opentelemetry-spec/files/specification/library-layout.md|block_quote#0@618-692,real_break_restore,H2,2,26882,27911,27170
C2-REAL-PAIR|G0-BQ-NEST-LINE|opentelemetry-spec/files/specification/library-layout.md|block_quote#0@618-692,real_break_restore,H2,4,49658,50974,50185
C2-REAL-PAIR|G0-BQ-NEST-LINE|opentelemetry-spec/files/specification/library-layout.md|block_quote#0@618-692,real_break_restore,H2,8,93592,96446,94564
C2-REAL-PAIR|G0-BQ-NEST-LINE|opentelemetry-spec/files/specification/library-layout.md|block_quote#0@618-692,real_break_restore,H2,16,180278,185851,182671
C2-REAL-PAIR|G0-BQ-NEST-LINE|opentelemetry-spec/files/specification/library-layout.md|block_quote#0@618-692,real_break_restore,H2,32,347688,358502,352118
C2-REAL-PAIR|G0-BQ-NEST-LINE|opentelemetry-spec/files/specification/library-layout.md|block_quote#0@618-692,real_break_restore,H2,64,674029,693657,683105
C2-REAL-PAIR|G0-BQ-NEST-LINE|opentelemetry-spec/files/specification/library-layout.md|block_quote#0@618-692,real_break_restore,H2,128,1353454,1391609,1377270
C2-REAL-PAIR|G0-BQ-NEST-LINE|opentelemetry-spec/files/specification/library-layout.md|block_quote#0@618-692,real_break_restore,H3,1,11734,11257,11158
C2-REAL-PAIR|G0-BQ-NEST-LINE|opentelemetry-spec/files/specification/library-layout.md|block_quote#0@618-692,real_break_restore,H3,2,22530,21850,21709
C2-REAL-PAIR|G0-BQ-NEST-LINE|opentelemetry-spec/files/specification/library-layout.md|block_quote#0@618-692,real_break_restore,H3,4,40819,40072,39713
C2-REAL-PAIR|G0-BQ-NEST-LINE|opentelemetry-spec/files/specification/library-layout.md|block_quote#0@618-692,real_break_restore,H3,8,75996,74838,73941
C2-REAL-PAIR|G0-BQ-NEST-LINE|opentelemetry-spec/files/specification/library-layout.md|block_quote#0@618-692,real_break_restore,H3,16,147076,144246,142268
C2-REAL-PAIR|G0-BQ-NEST-LINE|opentelemetry-spec/files/specification/library-layout.md|block_quote#0@618-692,real_break_restore,H3,32,283727,279177,274591
C2-REAL-PAIR|G0-BQ-NEST-LINE|opentelemetry-spec/files/specification/library-layout.md|block_quote#0@618-692,real_break_restore,H3,64,551214,542546,532886
C2-REAL-PAIR|G0-BQ-NEST-LINE|opentelemetry-spec/files/specification/library-layout.md|block_quote#0@618-692,real_break_restore,H3,128,1108562,1085967,1068861
C2-REAL-PAIR|G0-BQ-NEST-LINE|opentelemetry-spec/files/specification/library-layout.md|block_quote#0@618-692,real_break_restore,H4,1,6316,6263,6412
C2-REAL-PAIR|G0-BQ-NEST-LINE|opentelemetry-spec/files/specification/library-layout.md|block_quote#0@618-692,real_break_restore,H4,2,11973,11794,11934
C2-REAL-PAIR|G0-BQ-NEST-LINE|opentelemetry-spec/files/specification/library-layout.md|block_quote#0@618-692,real_break_restore,H4,4,21297,20966,21154
C2-REAL-PAIR|G0-BQ-NEST-LINE|opentelemetry-spec/files/specification/library-layout.md|block_quote#0@618-692,real_break_restore,H4,8,39416,38868,39074
C2-REAL-PAIR|G0-BQ-NEST-LINE|opentelemetry-spec/files/specification/library-layout.md|block_quote#0@618-692,real_break_restore,H4,16,75532,74418,74798
C2-REAL-PAIR|G0-BQ-NEST-LINE|opentelemetry-spec/files/specification/library-layout.md|block_quote#0@618-692,real_break_restore,H4,32,145417,142825,143585
C2-REAL-PAIR|G0-BQ-NEST-LINE|opentelemetry-spec/files/specification/library-layout.md|block_quote#0@618-692,real_break_restore,H4,64,274098,269211,271820
C2-REAL-PAIR|G0-BQ-NEST-LINE|opentelemetry-spec/files/specification/library-layout.md|block_quote#0@618-692,real_break_restore,H4,128,535633,524953,533121
C2-REAL-PAIR|G0-CODESPAN-DELIM-BREAK|crafting-interpreters/files/note/answers/chapter13_inheritance/1.md|code_span#0@2148-2163,real_break_restore,H0,1,30979,30973,31019
C2-REAL-PAIR|G0-CODESPAN-DELIM-BREAK|crafting-interpreters/files/note/answers/chapter13_inheritance/1.md|code_span#0@2148-2163,real_break_restore,H0,2,62037,61936,62086
C2-REAL-PAIR|G0-CODESPAN-DELIM-BREAK|crafting-interpreters/files/note/answers/chapter13_inheritance/1.md|code_span#0@2148-2163,real_break_restore,H0,4,122705,122378,122568
C2-REAL-PAIR|G0-CODESPAN-DELIM-BREAK|crafting-interpreters/files/note/answers/chapter13_inheritance/1.md|code_span#0@2148-2163,real_break_restore,H0,8,240346,239524,239886
C2-REAL-PAIR|G0-CODESPAN-DELIM-BREAK|crafting-interpreters/files/note/answers/chapter13_inheritance/1.md|code_span#0@2148-2163,real_break_restore,H0,16,472936,471579,472019
C2-REAL-PAIR|G0-CODESPAN-DELIM-BREAK|crafting-interpreters/files/note/answers/chapter13_inheritance/1.md|code_span#0@2148-2163,real_break_restore,H0,32,931853,928322,929513
C2-REAL-PAIR|G0-CODESPAN-DELIM-BREAK|crafting-interpreters/files/note/answers/chapter13_inheritance/1.md|code_span#0@2148-2163,real_break_restore,H0,64,1836271,1826267,1831247
C2-REAL-PAIR|G0-CODESPAN-DELIM-BREAK|crafting-interpreters/files/note/answers/chapter13_inheritance/1.md|code_span#0@2148-2163,real_break_restore,H0,128,3629214,3606511,3615712
C2-REAL-PAIR|G0-CODESPAN-DELIM-BREAK|crafting-interpreters/files/note/answers/chapter13_inheritance/1.md|code_span#0@2148-2163,real_break_restore,H1,1,11274,11511,10823
C2-REAL-PAIR|G0-CODESPAN-DELIM-BREAK|crafting-interpreters/files/note/answers/chapter13_inheritance/1.md|code_span#0@2148-2163,real_break_restore,H1,2,21591,21992,20393
C2-REAL-PAIR|G0-CODESPAN-DELIM-BREAK|crafting-interpreters/files/note/answers/chapter13_inheritance/1.md|code_span#0@2148-2163,real_break_restore,H1,4,41286,42198,38733
C2-REAL-PAIR|G0-CODESPAN-DELIM-BREAK|crafting-interpreters/files/note/answers/chapter13_inheritance/1.md|code_span#0@2148-2163,real_break_restore,H1,8,79195,81042,73846
C2-REAL-PAIR|G0-CODESPAN-DELIM-BREAK|crafting-interpreters/files/note/answers/chapter13_inheritance/1.md|code_span#0@2148-2163,real_break_restore,H1,16,154058,158125,143634
C2-REAL-PAIR|G0-CODESPAN-DELIM-BREAK|crafting-interpreters/files/note/answers/chapter13_inheritance/1.md|code_span#0@2148-2163,real_break_restore,H1,32,305490,312726,283537
C2-REAL-PAIR|G0-CODESPAN-DELIM-BREAK|crafting-interpreters/files/note/answers/chapter13_inheritance/1.md|code_span#0@2148-2163,real_break_restore,H1,64,601436,616016,556844
C2-REAL-PAIR|G0-CODESPAN-DELIM-BREAK|crafting-interpreters/files/note/answers/chapter13_inheritance/1.md|code_span#0@2148-2163,real_break_restore,H1,128,1171770,1201759,1082431
C2-REAL-PAIR|G0-CODESPAN-DELIM-BREAK|crafting-interpreters/files/note/answers/chapter13_inheritance/1.md|code_span#0@2148-2163,real_break_restore,H2,1,13823,13877,13792
C2-REAL-PAIR|G0-CODESPAN-DELIM-BREAK|crafting-interpreters/files/note/answers/chapter13_inheritance/1.md|code_span#0@2148-2163,real_break_restore,H2,2,27137,27353,27193
C2-REAL-PAIR|G0-CODESPAN-DELIM-BREAK|crafting-interpreters/files/note/answers/chapter13_inheritance/1.md|code_span#0@2148-2163,real_break_restore,H2,4,51235,51595,51483
C2-REAL-PAIR|G0-CODESPAN-DELIM-BREAK|crafting-interpreters/files/note/answers/chapter13_inheritance/1.md|code_span#0@2148-2163,real_break_restore,H2,8,98260,98916,98510
C2-REAL-PAIR|G0-CODESPAN-DELIM-BREAK|crafting-interpreters/files/note/answers/chapter13_inheritance/1.md|code_span#0@2148-2163,real_break_restore,H2,16,191346,192652,191994
C2-REAL-PAIR|G0-CODESPAN-DELIM-BREAK|crafting-interpreters/files/note/answers/chapter13_inheritance/1.md|code_span#0@2148-2163,real_break_restore,H2,32,379765,382723,381783
C2-REAL-PAIR|G0-CODESPAN-DELIM-BREAK|crafting-interpreters/files/note/answers/chapter13_inheritance/1.md|code_span#0@2148-2163,real_break_restore,H2,64,757207,764372,761957
C2-REAL-PAIR|G0-CODESPAN-DELIM-BREAK|crafting-interpreters/files/note/answers/chapter13_inheritance/1.md|code_span#0@2148-2163,real_break_restore,H2,128,1511106,1526280,1521803
C2-REAL-PAIR|G0-CODESPAN-DELIM-BREAK|crafting-interpreters/files/note/answers/chapter13_inheritance/1.md|code_span#0@2148-2163,real_break_restore,H3,1,11970,11639,11696
C2-REAL-PAIR|G0-CODESPAN-DELIM-BREAK|crafting-interpreters/files/note/answers/chapter13_inheritance/1.md|code_span#0@2148-2163,real_break_restore,H3,2,22961,22691,22655
C2-REAL-PAIR|G0-CODESPAN-DELIM-BREAK|crafting-interpreters/files/note/answers/chapter13_inheritance/1.md|code_span#0@2148-2163,real_break_restore,H3,4,42449,42072,42118
C2-REAL-PAIR|G0-CODESPAN-DELIM-BREAK|crafting-interpreters/files/note/answers/chapter13_inheritance/1.md|code_span#0@2148-2163,real_break_restore,H3,8,80111,80070,79666
C2-REAL-PAIR|G0-CODESPAN-DELIM-BREAK|crafting-interpreters/files/note/answers/chapter13_inheritance/1.md|code_span#0@2148-2163,real_break_restore,H3,16,155120,154943,154262
C2-REAL-PAIR|G0-CODESPAN-DELIM-BREAK|crafting-interpreters/files/note/answers/chapter13_inheritance/1.md|code_span#0@2148-2163,real_break_restore,H3,32,306354,306608,305238
C2-REAL-PAIR|G0-CODESPAN-DELIM-BREAK|crafting-interpreters/files/note/answers/chapter13_inheritance/1.md|code_span#0@2148-2163,real_break_restore,H3,64,607165,608177,607103
C2-REAL-PAIR|G0-CODESPAN-DELIM-BREAK|crafting-interpreters/files/note/answers/chapter13_inheritance/1.md|code_span#0@2148-2163,real_break_restore,H3,128,1207999,1209691,1209127
C2-REAL-PAIR|G0-CODESPAN-DELIM-BREAK|crafting-interpreters/files/note/answers/chapter13_inheritance/1.md|code_span#0@2148-2163,real_break_restore,H4,1,5889,5921,5915
C2-REAL-PAIR|G0-CODESPAN-DELIM-BREAK|crafting-interpreters/files/note/answers/chapter13_inheritance/1.md|code_span#0@2148-2163,real_break_restore,H4,2,11181,11113,11191
C2-REAL-PAIR|G0-CODESPAN-DELIM-BREAK|crafting-interpreters/files/note/answers/chapter13_inheritance/1.md|code_span#0@2148-2163,real_break_restore,H4,4,20800,20562,20844
C2-REAL-PAIR|G0-CODESPAN-DELIM-BREAK|crafting-interpreters/files/note/answers/chapter13_inheritance/1.md|code_span#0@2148-2163,real_break_restore,H4,8,38624,38162,38798
C2-REAL-PAIR|G0-CODESPAN-DELIM-BREAK|crafting-interpreters/files/note/answers/chapter13_inheritance/1.md|code_span#0@2148-2163,real_break_restore,H4,16,73189,72518,73469
C2-REAL-PAIR|G0-CODESPAN-DELIM-BREAK|crafting-interpreters/files/note/answers/chapter13_inheritance/1.md|code_span#0@2148-2163,real_break_restore,H4,32,141859,140779,142851
C2-REAL-PAIR|G0-CODESPAN-DELIM-BREAK|crafting-interpreters/files/note/answers/chapter13_inheritance/1.md|code_span#0@2148-2163,real_break_restore,H4,64,278688,277699,281165
C2-REAL-PAIR|G0-CODESPAN-DELIM-BREAK|crafting-interpreters/files/note/answers/chapter13_inheritance/1.md|code_span#0@2148-2163,real_break_restore,H4,128,552228,550677,558001
C2-REAL-PAIR|G0-EMPH-DELIM-BREAK|crafting-interpreters/files/note/answers/chapter13_inheritance/1.md|emphasis#0@355-360,real_break_restore,H0,1,30663,30599,30771
C2-REAL-PAIR|G0-EMPH-DELIM-BREAK|crafting-interpreters/files/note/answers/chapter13_inheritance/1.md|emphasis#0@355-360,real_break_restore,H0,2,61580,61366,61671
C2-REAL-PAIR|G0-EMPH-DELIM-BREAK|crafting-interpreters/files/note/answers/chapter13_inheritance/1.md|emphasis#0@355-360,real_break_restore,H0,4,122050,121607,122029
C2-REAL-PAIR|G0-EMPH-DELIM-BREAK|crafting-interpreters/files/note/answers/chapter13_inheritance/1.md|emphasis#0@355-360,real_break_restore,H0,8,239604,238630,239609
C2-REAL-PAIR|G0-EMPH-DELIM-BREAK|crafting-interpreters/files/note/answers/chapter13_inheritance/1.md|emphasis#0@355-360,real_break_restore,H0,16,471477,468916,471240
C2-REAL-PAIR|G0-EMPH-DELIM-BREAK|crafting-interpreters/files/note/answers/chapter13_inheritance/1.md|emphasis#0@355-360,real_break_restore,H0,32,931003,925252,929806
C2-REAL-PAIR|G0-EMPH-DELIM-BREAK|crafting-interpreters/files/note/answers/chapter13_inheritance/1.md|emphasis#0@355-360,real_break_restore,H0,64,1839297,1827662,1836967
C2-REAL-PAIR|G0-EMPH-DELIM-BREAK|crafting-interpreters/files/note/answers/chapter13_inheritance/1.md|emphasis#0@355-360,real_break_restore,H0,128,3625335,3604976,3627165
C2-REAL-PAIR|G0-EMPH-DELIM-BREAK|crafting-interpreters/files/note/answers/chapter13_inheritance/1.md|emphasis#0@355-360,real_break_restore,H1,1,15079,15263,13882
C2-REAL-PAIR|G0-EMPH-DELIM-BREAK|crafting-interpreters/files/note/answers/chapter13_inheritance/1.md|emphasis#0@355-360,real_break_restore,H1,2,29080,29897,27052
C2-REAL-PAIR|G0-EMPH-DELIM-BREAK|crafting-interpreters/files/note/answers/chapter13_inheritance/1.md|emphasis#0@355-360,real_break_restore,H1,4,55028,57023,50961
C2-REAL-PAIR|G0-EMPH-DELIM-BREAK|crafting-interpreters/files/note/answers/chapter13_inheritance/1.md|emphasis#0@355-360,real_break_restore,H1,8,105399,109796,97406
C2-REAL-PAIR|G0-EMPH-DELIM-BREAK|crafting-interpreters/files/note/answers/chapter13_inheritance/1.md|emphasis#0@355-360,real_break_restore,H1,16,205962,213961,189972
C2-REAL-PAIR|G0-EMPH-DELIM-BREAK|crafting-interpreters/files/note/answers/chapter13_inheritance/1.md|emphasis#0@355-360,real_break_restore,H1,32,406126,421111,372904
C2-REAL-PAIR|G0-EMPH-DELIM-BREAK|crafting-interpreters/files/note/answers/chapter13_inheritance/1.md|emphasis#0@355-360,real_break_restore,H1,64,802900,828766,733251
C2-REAL-PAIR|G0-EMPH-DELIM-BREAK|crafting-interpreters/files/note/answers/chapter13_inheritance/1.md|emphasis#0@355-360,real_break_restore,H1,128,1604337,1651267,1462033
C2-REAL-PAIR|G0-EMPH-DELIM-BREAK|crafting-interpreters/files/note/answers/chapter13_inheritance/1.md|emphasis#0@355-360,real_break_restore,H2,1,15327,15311,15369
C2-REAL-PAIR|G0-EMPH-DELIM-BREAK|crafting-interpreters/files/note/answers/chapter13_inheritance/1.md|emphasis#0@355-360,real_break_restore,H2,2,29591,29397,29713
C2-REAL-PAIR|G0-EMPH-DELIM-BREAK|crafting-interpreters/files/note/answers/chapter13_inheritance/1.md|emphasis#0@355-360,real_break_restore,H2,4,55964,55718,56136
C2-REAL-PAIR|G0-EMPH-DELIM-BREAK|crafting-interpreters/files/note/answers/chapter13_inheritance/1.md|emphasis#0@355-360,real_break_restore,H2,8,108026,107901,108587
C2-REAL-PAIR|G0-EMPH-DELIM-BREAK|crafting-interpreters/files/note/answers/chapter13_inheritance/1.md|emphasis#0@355-360,real_break_restore,H2,16,210847,211078,211965
C2-REAL-PAIR|G0-EMPH-DELIM-BREAK|crafting-interpreters/files/note/answers/chapter13_inheritance/1.md|emphasis#0@355-360,real_break_restore,H2,32,417173,417523,418752
C2-REAL-PAIR|G0-EMPH-DELIM-BREAK|crafting-interpreters/files/note/answers/chapter13_inheritance/1.md|emphasis#0@355-360,real_break_restore,H2,64,830419,832021,833682
C2-REAL-PAIR|G0-EMPH-DELIM-BREAK|crafting-interpreters/files/note/answers/chapter13_inheritance/1.md|emphasis#0@355-360,real_break_restore,H2,128,1656710,1661767,1662660
C2-REAL-PAIR|G0-EMPH-DELIM-BREAK|crafting-interpreters/files/note/answers/chapter13_inheritance/1.md|emphasis#0@355-360,real_break_restore,H3,1,13880,13601,13544
C2-REAL-PAIR|G0-EMPH-DELIM-BREAK|crafting-interpreters/files/note/answers/chapter13_inheritance/1.md|emphasis#0@355-360,real_break_restore,H3,2,25796,25372,25352
C2-REAL-PAIR|G0-EMPH-DELIM-BREAK|crafting-interpreters/files/note/answers/chapter13_inheritance/1.md|emphasis#0@355-360,real_break_restore,H3,4,47850,47285,47305
C2-REAL-PAIR|G0-EMPH-DELIM-BREAK|crafting-interpreters/files/note/answers/chapter13_inheritance/1.md|emphasis#0@355-360,real_break_restore,H3,8,91959,91004,91195
C2-REAL-PAIR|G0-EMPH-DELIM-BREAK|crafting-interpreters/files/note/answers/chapter13_inheritance/1.md|emphasis#0@355-360,real_break_restore,H3,16,177739,176229,176469
C2-REAL-PAIR|G0-EMPH-DELIM-BREAK|crafting-interpreters/files/note/answers/chapter13_inheritance/1.md|emphasis#0@355-360,real_break_restore,H3,32,349934,347506,347245
C2-REAL-PAIR|G0-EMPH-DELIM-BREAK|crafting-interpreters/files/note/answers/chapter13_inheritance/1.md|emphasis#0@355-360,real_break_restore,H3,64,690359,686512,685832
C2-REAL-PAIR|G0-EMPH-DELIM-BREAK|crafting-interpreters/files/note/answers/chapter13_inheritance/1.md|emphasis#0@355-360,real_break_restore,H3,128,1370248,1361636,1361747
C2-REAL-PAIR|G0-EMPH-DELIM-BREAK|crafting-interpreters/files/note/answers/chapter13_inheritance/1.md|emphasis#0@355-360,real_break_restore,H4,1,7187,7233,7280
C2-REAL-PAIR|G0-EMPH-DELIM-BREAK|crafting-interpreters/files/note/answers/chapter13_inheritance/1.md|emphasis#0@355-360,real_break_restore,H4,2,13695,13607,13789
C2-REAL-PAIR|G0-EMPH-DELIM-BREAK|crafting-interpreters/files/note/answers/chapter13_inheritance/1.md|emphasis#0@355-360,real_break_restore,H4,4,25253,25019,25294
C2-REAL-PAIR|G0-EMPH-DELIM-BREAK|crafting-interpreters/files/note/answers/chapter13_inheritance/1.md|emphasis#0@355-360,real_break_restore,H4,8,47538,46918,47390
C2-REAL-PAIR|G0-EMPH-DELIM-BREAK|crafting-interpreters/files/note/answers/chapter13_inheritance/1.md|emphasis#0@355-360,real_break_restore,H4,16,91490,90467,91357
C2-REAL-PAIR|G0-EMPH-DELIM-BREAK|crafting-interpreters/files/note/answers/chapter13_inheritance/1.md|emphasis#0@355-360,real_break_restore,H4,32,178656,176606,178143
C2-REAL-PAIR|G0-EMPH-DELIM-BREAK|crafting-interpreters/files/note/answers/chapter13_inheritance/1.md|emphasis#0@355-360,real_break_restore,H4,64,353439,349840,351357
C2-REAL-PAIR|G0-EMPH-DELIM-BREAK|crafting-interpreters/files/note/answers/chapter13_inheritance/1.md|emphasis#0@355-360,real_break_restore,H4,128,700624,694096,698106
C2-REAL-PAIR|G0-FENCE-CLOSER-REMOVE|crafting-interpreters/files/note/answers/chapter13_inheritance/1.md|code_block_fenced#0@984-1091,real_break_restore,H0,1,30519,30418,30585
C2-REAL-PAIR|G0-FENCE-CLOSER-REMOVE|crafting-interpreters/files/note/answers/chapter13_inheritance/1.md|code_block_fenced#0@984-1091,real_break_restore,H0,2,61434,61773,61613
C2-REAL-PAIR|G0-FENCE-CLOSER-REMOVE|crafting-interpreters/files/note/answers/chapter13_inheritance/1.md|code_block_fenced#0@984-1091,real_break_restore,H0,4,121566,122065,121698
C2-REAL-PAIR|G0-FENCE-CLOSER-REMOVE|crafting-interpreters/files/note/answers/chapter13_inheritance/1.md|code_block_fenced#0@984-1091,real_break_restore,H0,8,239051,239682,238719
C2-REAL-PAIR|G0-FENCE-CLOSER-REMOVE|crafting-interpreters/files/note/answers/chapter13_inheritance/1.md|code_block_fenced#0@984-1091,real_break_restore,H0,16,471414,473135,470074
C2-REAL-PAIR|G0-FENCE-CLOSER-REMOVE|crafting-interpreters/files/note/answers/chapter13_inheritance/1.md|code_block_fenced#0@984-1091,real_break_restore,H0,32,930641,934245,928638
C2-REAL-PAIR|G0-FENCE-CLOSER-REMOVE|crafting-interpreters/files/note/answers/chapter13_inheritance/1.md|code_block_fenced#0@984-1091,real_break_restore,H0,64,1833915,1840364,1830339
C2-REAL-PAIR|G0-FENCE-CLOSER-REMOVE|crafting-interpreters/files/note/answers/chapter13_inheritance/1.md|code_block_fenced#0@984-1091,real_break_restore,H0,128,3608916,3615275,3596653
C2-REAL-PAIR|G0-FENCE-CLOSER-REMOVE|crafting-interpreters/files/note/answers/chapter13_inheritance/1.md|code_block_fenced#0@984-1091,real_break_restore,H1,1,45063,45861,44221
C2-REAL-PAIR|G0-FENCE-CLOSER-REMOVE|crafting-interpreters/files/note/answers/chapter13_inheritance/1.md|code_block_fenced#0@984-1091,real_break_restore,H1,2,59033,59809,57094
C2-REAL-PAIR|G0-FENCE-CLOSER-REMOVE|crafting-interpreters/files/note/answers/chapter13_inheritance/1.md|code_block_fenced#0@984-1091,real_break_restore,H1,4,115350,117442,111778
C2-REAL-PAIR|G0-FENCE-CLOSER-REMOVE|crafting-interpreters/files/note/answers/chapter13_inheritance/1.md|code_block_fenced#0@984-1091,real_break_restore,H1,8,225977,231017,219599
C2-REAL-PAIR|G0-FENCE-CLOSER-REMOVE|crafting-interpreters/files/note/answers/chapter13_inheritance/1.md|code_block_fenced#0@984-1091,real_break_restore,H1,16,447527,458442,434826
C2-REAL-PAIR|G0-FENCE-CLOSER-REMOVE|crafting-interpreters/files/note/answers/chapter13_inheritance/1.md|code_block_fenced#0@984-1091,real_break_restore,H1,32,879253,902390,854824
C2-REAL-PAIR|G0-FENCE-CLOSER-REMOVE|crafting-interpreters/files/note/answers/chapter13_inheritance/1.md|code_block_fenced#0@984-1091,real_break_restore,H1,64,1739526,1786839,1691656
C2-REAL-PAIR|G0-FENCE-CLOSER-REMOVE|crafting-interpreters/files/note/answers/chapter13_inheritance/1.md|code_block_fenced#0@984-1091,real_break_restore,H1,128,3457335,3549964,3360527
C2-REAL-PAIR|G0-FENCE-CLOSER-REMOVE|crafting-interpreters/files/note/answers/chapter13_inheritance/1.md|code_block_fenced#0@984-1091,real_break_restore,H2,1,13777,14091,13941
C2-REAL-PAIR|G0-FENCE-CLOSER-REMOVE|crafting-interpreters/files/note/answers/chapter13_inheritance/1.md|code_block_fenced#0@984-1091,real_break_restore,H2,2,29687,30042,29890
C2-REAL-PAIR|G0-FENCE-CLOSER-REMOVE|crafting-interpreters/files/note/answers/chapter13_inheritance/1.md|code_block_fenced#0@984-1091,real_break_restore,H2,4,56070,56373,56258
C2-REAL-PAIR|G0-FENCE-CLOSER-REMOVE|crafting-interpreters/files/note/answers/chapter13_inheritance/1.md|code_block_fenced#0@984-1091,real_break_restore,H2,8,107779,108114,107684
C2-REAL-PAIR|G0-FENCE-CLOSER-REMOVE|crafting-interpreters/files/note/answers/chapter13_inheritance/1.md|code_block_fenced#0@984-1091,real_break_restore,H2,16,210439,211769,210494
C2-REAL-PAIR|G0-FENCE-CLOSER-REMOVE|crafting-interpreters/files/note/answers/chapter13_inheritance/1.md|code_block_fenced#0@984-1091,real_break_restore,H2,32,417859,421558,418773
C2-REAL-PAIR|G0-FENCE-CLOSER-REMOVE|crafting-interpreters/files/note/answers/chapter13_inheritance/1.md|code_block_fenced#0@984-1091,real_break_restore,H2,64,839159,846328,842216
C2-REAL-PAIR|G0-FENCE-CLOSER-REMOVE|crafting-interpreters/files/note/answers/chapter13_inheritance/1.md|code_block_fenced#0@984-1091,real_break_restore,H2,128,1678498,1694534,1686789
C2-REAL-PAIR|G0-FENCE-CLOSER-REMOVE|crafting-interpreters/files/note/answers/chapter13_inheritance/1.md|code_block_fenced#0@984-1091,real_break_restore,H3,1,11736,11693,11566
C2-REAL-PAIR|G0-FENCE-CLOSER-REMOVE|crafting-interpreters/files/note/answers/chapter13_inheritance/1.md|code_block_fenced#0@984-1091,real_break_restore,H3,2,25415,25449,25329
C2-REAL-PAIR|G0-FENCE-CLOSER-REMOVE|crafting-interpreters/files/note/answers/chapter13_inheritance/1.md|code_block_fenced#0@984-1091,real_break_restore,H3,4,47306,47494,47468
C2-REAL-PAIR|G0-FENCE-CLOSER-REMOVE|crafting-interpreters/files/note/answers/chapter13_inheritance/1.md|code_block_fenced#0@984-1091,real_break_restore,H3,8,89604,89931,89857
C2-REAL-PAIR|G0-FENCE-CLOSER-REMOVE|crafting-interpreters/files/note/answers/chapter13_inheritance/1.md|code_block_fenced#0@984-1091,real_break_restore,H3,16,174583,175340,175027
C2-REAL-PAIR|G0-FENCE-CLOSER-REMOVE|crafting-interpreters/files/note/answers/chapter13_inheritance/1.md|code_block_fenced#0@984-1091,real_break_restore,H3,32,345471,346310,346748
C2-REAL-PAIR|G0-FENCE-CLOSER-REMOVE|crafting-interpreters/files/note/answers/chapter13_inheritance/1.md|code_block_fenced#0@984-1091,real_break_restore,H3,64,690722,691013,693286
C2-REAL-PAIR|G0-FENCE-CLOSER-REMOVE|crafting-interpreters/files/note/answers/chapter13_inheritance/1.md|code_block_fenced#0@984-1091,real_break_restore,H3,128,1377701,1378672,1383748
C2-REAL-PAIR|G0-FENCE-CLOSER-REMOVE|crafting-interpreters/files/note/answers/chapter13_inheritance/1.md|code_block_fenced#0@984-1091,real_break_restore,H4,1,6146,6173,6249
C2-REAL-PAIR|G0-FENCE-CLOSER-REMOVE|crafting-interpreters/files/note/answers/chapter13_inheritance/1.md|code_block_fenced#0@984-1091,real_break_restore,H4,2,12367,12404,12520
C2-REAL-PAIR|G0-FENCE-CLOSER-REMOVE|crafting-interpreters/files/note/answers/chapter13_inheritance/1.md|code_block_fenced#0@984-1091,real_break_restore,H4,4,22861,22727,22855
C2-REAL-PAIR|G0-FENCE-CLOSER-REMOVE|crafting-interpreters/files/note/answers/chapter13_inheritance/1.md|code_block_fenced#0@984-1091,real_break_restore,H4,8,42225,41827,41943
C2-REAL-PAIR|G0-FENCE-CLOSER-REMOVE|crafting-interpreters/files/note/answers/chapter13_inheritance/1.md|code_block_fenced#0@984-1091,real_break_restore,H4,16,79813,78577,79006
C2-REAL-PAIR|G0-FENCE-CLOSER-REMOVE|crafting-interpreters/files/note/answers/chapter13_inheritance/1.md|code_block_fenced#0@984-1091,real_break_restore,H4,32,154014,151359,153097
C2-REAL-PAIR|G0-FENCE-CLOSER-REMOVE|crafting-interpreters/files/note/answers/chapter13_inheritance/1.md|code_block_fenced#0@984-1091,real_break_restore,H4,64,302949,298233,302136
C2-REAL-PAIR|G0-FENCE-CLOSER-REMOVE|crafting-interpreters/files/note/answers/chapter13_inheritance/1.md|code_block_fenced#0@984-1091,real_break_restore,H4,128,597988,590885,596561
C2-REAL-PAIR|G0-LIST-ITEM-INDENT|kubernetes-keps/files/keps/sig-cli/FAQ.md|list_item#5@1151-1204,real_break_restore,H0,1,12593,12542,12433
C2-REAL-PAIR|G0-LIST-ITEM-INDENT|kubernetes-keps/files/keps/sig-cli/FAQ.md|list_item#5@1151-1204,real_break_restore,H0,2,23802,23835,23621
C2-REAL-PAIR|G0-LIST-ITEM-INDENT|kubernetes-keps/files/keps/sig-cli/FAQ.md|list_item#5@1151-1204,real_break_restore,H0,4,45167,45272,44970
C2-REAL-PAIR|G0-LIST-ITEM-INDENT|kubernetes-keps/files/keps/sig-cli/FAQ.md|list_item#5@1151-1204,real_break_restore,H0,8,85339,85424,85056
C2-REAL-PAIR|G0-LIST-ITEM-INDENT|kubernetes-keps/files/keps/sig-cli/FAQ.md|list_item#5@1151-1204,real_break_restore,H0,16,165519,164977,164393
C2-REAL-PAIR|G0-LIST-ITEM-INDENT|kubernetes-keps/files/keps/sig-cli/FAQ.md|list_item#5@1151-1204,real_break_restore,H0,32,329781,327539,326816
C2-REAL-PAIR|G0-LIST-ITEM-INDENT|kubernetes-keps/files/keps/sig-cli/FAQ.md|list_item#5@1151-1204,real_break_restore,H0,64,648352,645023,642897
C2-REAL-PAIR|G0-LIST-ITEM-INDENT|kubernetes-keps/files/keps/sig-cli/FAQ.md|list_item#5@1151-1204,real_break_restore,H0,128,1266336,1262364,1259232
C2-REAL-PAIR|G0-LIST-ITEM-INDENT|kubernetes-keps/files/keps/sig-cli/FAQ.md|list_item#5@1151-1204,real_break_restore,H1,1,14499,14312,14232
C2-REAL-PAIR|G0-LIST-ITEM-INDENT|kubernetes-keps/files/keps/sig-cli/FAQ.md|list_item#5@1151-1204,real_break_restore,H1,2,26642,26400,26336
C2-REAL-PAIR|G0-LIST-ITEM-INDENT|kubernetes-keps/files/keps/sig-cli/FAQ.md|list_item#5@1151-1204,real_break_restore,H1,4,49856,49545,49550
C2-REAL-PAIR|G0-LIST-ITEM-INDENT|kubernetes-keps/files/keps/sig-cli/FAQ.md|list_item#5@1151-1204,real_break_restore,H1,8,92643,92247,92556
C2-REAL-PAIR|G0-LIST-ITEM-INDENT|kubernetes-keps/files/keps/sig-cli/FAQ.md|list_item#5@1151-1204,real_break_restore,H1,16,178174,177447,178166
C2-REAL-PAIR|G0-LIST-ITEM-INDENT|kubernetes-keps/files/keps/sig-cli/FAQ.md|list_item#5@1151-1204,real_break_restore,H1,32,349791,347251,348835
C2-REAL-PAIR|G0-LIST-ITEM-INDENT|kubernetes-keps/files/keps/sig-cli/FAQ.md|list_item#5@1151-1204,real_break_restore,H1,64,691143,687414,690682
C2-REAL-PAIR|G0-LIST-ITEM-INDENT|kubernetes-keps/files/keps/sig-cli/FAQ.md|list_item#5@1151-1204,real_break_restore,H1,128,1355747,1350209,1356498
C2-REAL-PAIR|G0-LIST-ITEM-INDENT|kubernetes-keps/files/keps/sig-cli/FAQ.md|list_item#5@1151-1204,real_break_restore,H2,1,20550,20730,20697
C2-REAL-PAIR|G0-LIST-ITEM-INDENT|kubernetes-keps/files/keps/sig-cli/FAQ.md|list_item#5@1151-1204,real_break_restore,H2,2,36787,36959,37053
C2-REAL-PAIR|G0-LIST-ITEM-INDENT|kubernetes-keps/files/keps/sig-cli/FAQ.md|list_item#5@1151-1204,real_break_restore,H2,4,66665,67033,67192
C2-REAL-PAIR|G0-LIST-ITEM-INDENT|kubernetes-keps/files/keps/sig-cli/FAQ.md|list_item#5@1151-1204,real_break_restore,H2,8,124109,124672,125072
C2-REAL-PAIR|G0-LIST-ITEM-INDENT|kubernetes-keps/files/keps/sig-cli/FAQ.md|list_item#5@1151-1204,real_break_restore,H2,16,242809,242913,243516
C2-REAL-PAIR|G0-LIST-ITEM-INDENT|kubernetes-keps/files/keps/sig-cli/FAQ.md|list_item#5@1151-1204,real_break_restore,H2,32,480051,478898,479652
C2-REAL-PAIR|G0-LIST-ITEM-INDENT|kubernetes-keps/files/keps/sig-cli/FAQ.md|list_item#5@1151-1204,real_break_restore,H2,64,944254,942223,946181
C2-REAL-PAIR|G0-LIST-ITEM-INDENT|kubernetes-keps/files/keps/sig-cli/FAQ.md|list_item#5@1151-1204,real_break_restore,H2,128,1838796,1838588,1847589
C2-REAL-PAIR|G0-LIST-ITEM-INDENT|kubernetes-keps/files/keps/sig-cli/FAQ.md|list_item#5@1151-1204,real_break_restore,H3,1,21592,21735,21532
C2-REAL-PAIR|G0-LIST-ITEM-INDENT|kubernetes-keps/files/keps/sig-cli/FAQ.md|list_item#5@1151-1204,real_break_restore,H3,2,38658,39189,38576
C2-REAL-PAIR|G0-LIST-ITEM-INDENT|kubernetes-keps/files/keps/sig-cli/FAQ.md|list_item#5@1151-1204,real_break_restore,H3,4,69826,70525,69876
C2-REAL-PAIR|G0-LIST-ITEM-INDENT|kubernetes-keps/files/keps/sig-cli/FAQ.md|list_item#5@1151-1204,real_break_restore,H3,8,130342,131405,130657
C2-REAL-PAIR|G0-LIST-ITEM-INDENT|kubernetes-keps/files/keps/sig-cli/FAQ.md|list_item#5@1151-1204,real_break_restore,H3,16,251193,251938,251395
C2-REAL-PAIR|G0-LIST-ITEM-INDENT|kubernetes-keps/files/keps/sig-cli/FAQ.md|list_item#5@1151-1204,real_break_restore,H3,32,490308,491053,491503
C2-REAL-PAIR|G0-LIST-ITEM-INDENT|kubernetes-keps/files/keps/sig-cli/FAQ.md|list_item#5@1151-1204,real_break_restore,H3,64,957844,958158,959839
C2-REAL-PAIR|G0-LIST-ITEM-INDENT|kubernetes-keps/files/keps/sig-cli/FAQ.md|list_item#5@1151-1204,real_break_restore,H3,128,1869714,1872919,1874998
C2-REAL-PAIR|G0-LIST-ITEM-INDENT|kubernetes-keps/files/keps/sig-cli/FAQ.md|list_item#5@1151-1204,real_break_restore,H4,1,16419,16659,16645
C2-REAL-PAIR|G0-LIST-ITEM-INDENT|kubernetes-keps/files/keps/sig-cli/FAQ.md|list_item#5@1151-1204,real_break_restore,H4,2,29015,29407,29370
C2-REAL-PAIR|G0-LIST-ITEM-INDENT|kubernetes-keps/files/keps/sig-cli/FAQ.md|list_item#5@1151-1204,real_break_restore,H4,4,52275,52486,52852
C2-REAL-PAIR|G0-LIST-ITEM-INDENT|kubernetes-keps/files/keps/sig-cli/FAQ.md|list_item#5@1151-1204,real_break_restore,H4,8,96064,96199,97244
C2-REAL-PAIR|G0-LIST-ITEM-INDENT|kubernetes-keps/files/keps/sig-cli/FAQ.md|list_item#5@1151-1204,real_break_restore,H4,16,183500,183754,185982
C2-REAL-PAIR|G0-LIST-ITEM-INDENT|kubernetes-keps/files/keps/sig-cli/FAQ.md|list_item#5@1151-1204,real_break_restore,H4,32,363382,362039,367167
C2-REAL-PAIR|G0-LIST-ITEM-INDENT|kubernetes-keps/files/keps/sig-cli/FAQ.md|list_item#5@1151-1204,real_break_restore,H4,64,711124,708609,719130
C2-REAL-PAIR|G0-LIST-ITEM-INDENT|kubernetes-keps/files/keps/sig-cli/FAQ.md|list_item#5@1151-1204,real_break_restore,H4,128,1372811,1372713,1393655
C2-REAL-PAIR|G0-REFDEF-REMOVE|myst-parser/files/docs/develop/contributing.md|reference_definition#0@2116-2232,real_break_restore,H0,1,19949,19836,20039
C2-REAL-PAIR|G0-REFDEF-REMOVE|myst-parser/files/docs/develop/contributing.md|reference_definition#0@2116-2232,real_break_restore,H0,2,39495,39449,39710
C2-REAL-PAIR|G0-REFDEF-REMOVE|myst-parser/files/docs/develop/contributing.md|reference_definition#0@2116-2232,real_break_restore,H0,4,75678,75648,75896
C2-REAL-PAIR|G0-REFDEF-REMOVE|myst-parser/files/docs/develop/contributing.md|reference_definition#0@2116-2232,real_break_restore,H0,8,145682,146032,146171
C2-REAL-PAIR|G0-REFDEF-REMOVE|myst-parser/files/docs/develop/contributing.md|reference_definition#0@2116-2232,real_break_restore,H0,16,280224,281054,280691
C2-REAL-PAIR|G0-REFDEF-REMOVE|myst-parser/files/docs/develop/contributing.md|reference_definition#0@2116-2232,real_break_restore,H0,32,546523,549018,547137
C2-REAL-PAIR|G0-REFDEF-REMOVE|myst-parser/files/docs/develop/contributing.md|reference_definition#0@2116-2232,real_break_restore,H0,64,1077525,1082503,1077155
C2-REAL-PAIR|G0-REFDEF-REMOVE|myst-parser/files/docs/develop/contributing.md|reference_definition#0@2116-2232,real_break_restore,H0,128,2137104,2147984,2134339
C2-REAL-PAIR|G0-REFDEF-REMOVE|myst-parser/files/docs/develop/contributing.md|reference_definition#0@2116-2232,real_break_restore,H1,1,29760,30435,29546
C2-REAL-PAIR|G0-REFDEF-REMOVE|myst-parser/files/docs/develop/contributing.md|reference_definition#0@2116-2232,real_break_restore,H1,2,59003,60491,58831
C2-REAL-PAIR|G0-REFDEF-REMOVE|myst-parser/files/docs/develop/contributing.md|reference_definition#0@2116-2232,real_break_restore,H1,4,113046,115851,112587
C2-REAL-PAIR|G0-REFDEF-REMOVE|myst-parser/files/docs/develop/contributing.md|reference_definition#0@2116-2232,real_break_restore,H1,8,218503,224373,217815
C2-REAL-PAIR|G0-REFDEF-REMOVE|myst-parser/files/docs/develop/contributing.md|reference_definition#0@2116-2232,real_break_restore,H1,16,430237,440882,427029
C2-REAL-PAIR|G0-REFDEF-REMOVE|myst-parser/files/docs/develop/contributing.md|reference_definition#0@2116-2232,real_break_restore,H1,32,845388,865495,837559
C2-REAL-PAIR|G0-REFDEF-REMOVE|myst-parser/files/docs/develop/contributing.md|reference_definition#0@2116-2232,real_break_restore,H1,64,1673309,1714861,1658796
C2-REAL-PAIR|G0-REFDEF-REMOVE|myst-parser/files/docs/develop/contributing.md|reference_definition#0@2116-2232,real_break_restore,H1,128,3330260,3414797,3301571
C2-REAL-PAIR|G0-REFDEF-REMOVE|myst-parser/files/docs/develop/contributing.md|reference_definition#0@2116-2232,real_break_restore,H2,1,35023,34954,35527
C2-REAL-PAIR|G0-REFDEF-REMOVE|myst-parser/files/docs/develop/contributing.md|reference_definition#0@2116-2232,real_break_restore,H2,2,65533,65191,65892
C2-REAL-PAIR|G0-REFDEF-REMOVE|myst-parser/files/docs/develop/contributing.md|reference_definition#0@2116-2232,real_break_restore,H2,4,123673,123024,124479
C2-REAL-PAIR|G0-REFDEF-REMOVE|myst-parser/files/docs/develop/contributing.md|reference_definition#0@2116-2232,real_break_restore,H2,8,237634,236972,238943
C2-REAL-PAIR|G0-REFDEF-REMOVE|myst-parser/files/docs/develop/contributing.md|reference_definition#0@2116-2232,real_break_restore,H2,16,460539,459585,461836
C2-REAL-PAIR|G0-REFDEF-REMOVE|myst-parser/files/docs/develop/contributing.md|reference_definition#0@2116-2232,real_break_restore,H2,32,899840,897812,903231
C2-REAL-PAIR|G0-REFDEF-REMOVE|myst-parser/files/docs/develop/contributing.md|reference_definition#0@2116-2232,real_break_restore,H2,64,1775186,1772508,1785013
C2-REAL-PAIR|G0-REFDEF-REMOVE|myst-parser/files/docs/develop/contributing.md|reference_definition#0@2116-2232,real_break_restore,H2,128,3522356,3517253,3540744
C2-REAL-PAIR|G0-REFDEF-REMOVE|myst-parser/files/docs/develop/contributing.md|reference_definition#0@2116-2232,real_break_restore,H3,1,34646,34653,35211
C2-REAL-PAIR|G0-REFDEF-REMOVE|myst-parser/files/docs/develop/contributing.md|reference_definition#0@2116-2232,real_break_restore,H3,2,64939,64605,65555
C2-REAL-PAIR|G0-REFDEF-REMOVE|myst-parser/files/docs/develop/contributing.md|reference_definition#0@2116-2232,real_break_restore,H3,4,122368,121822,123368
C2-REAL-PAIR|G0-REFDEF-REMOVE|myst-parser/files/docs/develop/contributing.md|reference_definition#0@2116-2232,real_break_restore,H3,8,233121,231884,235812
C2-REAL-PAIR|G0-REFDEF-REMOVE|myst-parser/files/docs/develop/contributing.md|reference_definition#0@2116-2232,real_break_restore,H3,16,449544,446555,451720
C2-REAL-PAIR|G0-REFDEF-REMOVE|myst-parser/files/docs/develop/contributing.md|reference_definition#0@2116-2232,real_break_restore,H3,32,876538,870210,877781
C2-REAL-PAIR|G0-REFDEF-REMOVE|myst-parser/files/docs/develop/contributing.md|reference_definition#0@2116-2232,real_break_restore,H3,64,1724480,1711914,1728926
C2-REAL-PAIR|G0-REFDEF-REMOVE|myst-parser/files/docs/develop/contributing.md|reference_definition#0@2116-2232,real_break_restore,H3,128,3414189,3393534,3422049
C2-REAL-PAIR|G0-REFDEF-REMOVE|myst-parser/files/docs/develop/contributing.md|reference_definition#0@2116-2232,real_break_restore,H4,1,30914,30671,32424
C2-REAL-PAIR|G0-REFDEF-REMOVE|myst-parser/files/docs/develop/contributing.md|reference_definition#0@2116-2232,real_break_restore,H4,2,60556,59883,63178
C2-REAL-PAIR|G0-REFDEF-REMOVE|myst-parser/files/docs/develop/contributing.md|reference_definition#0@2116-2232,real_break_restore,H4,4,117672,116169,122314
C2-REAL-PAIR|G0-REFDEF-REMOVE|myst-parser/files/docs/develop/contributing.md|reference_definition#0@2116-2232,real_break_restore,H4,8,229167,226099,238155
C2-REAL-PAIR|G0-REFDEF-REMOVE|myst-parser/files/docs/develop/contributing.md|reference_definition#0@2116-2232,real_break_restore,H4,16,449199,442173,463379
C2-REAL-PAIR|G0-REFDEF-REMOVE|myst-parser/files/docs/develop/contributing.md|reference_definition#0@2116-2232,real_break_restore,H4,32,883065,867647,910851
C2-REAL-PAIR|G0-REFDEF-REMOVE|myst-parser/files/docs/develop/contributing.md|reference_definition#0@2116-2232,real_break_restore,H4,64,1746823,1712792,1799477
C2-REAL-PAIR|G0-REFDEF-REMOVE|myst-parser/files/docs/develop/contributing.md|reference_definition#0@2116-2232,real_break_restore,H4,128,3466880,3401292,3575969
