case_id,horse,prepare_p50_ns,prepare_p95_ns,native_p50_ns,native_p95_ns,total_p50_ns,total_p95_ns,h0_relative_speedup,unstable,payload_id,project,file,trace_id,trace_kind,step,phase,edit_family,position_requested,position_actual_fraction,operation_variant,pre_bytes,logical_edited_bytes,edit_start,edit_end,inserted_bytes,file_bytes,block_count,largest_block_bytes,max_container_depth,reference_definition_count,reference_use_count,fenced_code_content_bytes,code_occupancy,fence_density_per_kib,reference_density_per_kib
02820e239967c59a597ea5eed1392bc8754e1c5965b91983227aecc95581a013,H1,,,5783,6534,5783,6534,0.744618,false,full-read:openmlsys/files/v1/zh_chapters/chapter_accelerator/index.md,openmlsys,openmlsys/files/v1/zh_chapters/chapter_accelerator/index.md,,,,,FULL_READ,,,full_parse,979,,,,,979,8,537,2,0,0,117,0.119510,1.045965,0
02820e239967c59a597ea5eed1392bc8754e1c5965b91983227aecc95581a013,H2,,,5191,5801,5191,5801,0.816220,false,full-read:openmlsys/files/v1/zh_chapters/chapter_accelerator/index.md,openmlsys,openmlsys/files/v1/zh_chapters/chapter_accelerator/index.md,,,,,FULL_READ,,,full_parse,979,,,,,979,8,537,2,0,0,117,0.119510,1.045965,0
02820e239967c59a597ea5eed1392bc8754e1c5965b91983227aecc95581a013,H0,,,4322,5202,4322,5202,1.000000,false,full-read:openmlsys/files/v1/zh_chapters/chapter_accelerator/index.md,openmlsys,openmlsys/files/v1/zh_chapters/chapter_accelerator/index.md,,,,,FULL_READ,,,full_parse,979,,,,,979,8,537,2,0,0,117,0.119510,1.045965,0
02820e239967c59a597ea5eed1392bc8754e1c5965b91983227aecc95581a013,H3,,,5187,5911,5187,5911,0.816170,false,full-read:openmlsys/files/v1/zh_chapters/chapter_accelerator/index.md,openmlsys,openmlsys/files/v1/zh_chapters/chapter_accelerator/index.md,,,,,FULL_READ,,,full_parse,979,,,,,979,8,537,2,0,0,117,0.119510,1.045965,0
02820e239967c59a597ea5eed1392bc8754e1c5965b91983227aecc95581a013,H4,,,5590,6396,5590,6396,0.778075,false,full-read:openmlsys/files/v1/zh_chapters/chapter_accelerator/index.md,openmlsys,openmlsys/files/v1/zh_chapters/chapter_accelerator/index.md,,,,,FULL_READ,,,full_parse,979,,,,,979,8,537,2,0,0,117,0.119510,1.045965,0
080879eaa8dc782753861e308f75faa2737d566753e4c791cacdc3a11e399df6,H1,,,27003,37652,27003,37652,0.707119,false,full-read:opentelemetry-spec/files/specification/library-layout.md,opentelemetry-spec,opentelemetry-spec/files/specification/library-layout.md,,,,,FULL_READ,,,full_parse,2944,,,,,2944,40,330,2,0,0,367,0.124660,0.695652,0
080879eaa8dc782753861e308f75faa2737d566753e4c791cacdc3a11e399df6,H2,,,23952,36512,23952,36512,0.782554,false,full-read:opentelemetry-spec/files/specification/library-layout.md,opentelemetry-spec,opentelemetry-spec/files/specification/library-layout.md,,,,,FULL_READ,,,full_parse,2944,,,,,2944,40,330,2,0,0,367,0.124660,0.695652,0
080879eaa8dc782753861e308f75faa2737d566753e4c791cacdc3a11e399df6,H0,,,18784,20514,18784,20514,1.000000,false,full-read:opentelemetry-spec/files/specification/library-layout.md,opentelemetry-spec,opentelemetry-spec/files/specification/library-layout.md,,,,,FULL_READ,,,full_parse,2944,,,,,2944,40,330,2,0,0,367,0.124660,0.695652,0
080879eaa8dc782753861e308f75faa2737d566753e4c791cacdc3a11e399df6,H3,,,24711,35908,24711,35908,0.765296,false,full-read:opentelemetry-spec/files/specification/library-layout.md,opentelemetry-spec,opentelemetry-spec/files/specification/library-layout.md,,,,,FULL_READ,,,full_parse,2944,,,,,2944,40,330,2,0,0,367,0.124660,0.695652,0
080879eaa8dc782753861e308f75faa2737d566753e4c791cacdc3a11e399df6,H4,,,24429,36526,24429,36526,0.767669,false,full-read:opentelemetry-spec/files/specification/library-layout.md,opentelemetry-spec,opentelemetry-spec/files/specification/library-layout.md,,,,,FULL_READ,,,full_parse,2944,,,,,2944,40,330,2,0,0,367,0.124660,0.695652,0
21484c1f54cc26eafc9d66024b22bbe60d951187e2b1bb0dd494b9d92df06147,H1,,,32757,34987,32757,34987,0.721154,false,full-read:oci-image/files/implementations.md,oci-image,oci-image/files/implementations.md,,,,,FULL_READ,,,full_parse,2421,,,,,2421,28,249,4,0,0,0,0,0,0
21484c1f54cc26eafc9d66024b22bbe60d951187e2b1bb0dd494b9d92df06147,H2,,,32510,44159,32510,44159,0.733671,false,full-read:oci-image/files/implementations.md,oci-image,oci-image/files/implementations.md,,,,,FULL_READ,,,full_parse,2421,,,,,2421,28,249,4,0,0,0,0,0,0
21484c1f54cc26eafc9d66024b22bbe60d951187e2b1bb0dd494b9d92df06147,H0,,,23842,35457,23842,35457,1.000000,false,full-read:oci-image/files/implementations.md,oci-image,oci-image/files/implementations.md,,,,,FULL_READ,,,full_parse,2421,,,,,2421,28,249,4,0,0,0,0,0,0
21484c1f54cc26eafc9d66024b22bbe60d951187e2b1bb0dd494b9d92df06147,H3,,,31837,42911,31837,42911,0.753601,false,full-read:oci-image/files/implementations.md,oci-image,oci-image/files/implementations.md,,,,,FULL_READ,,,full_parse,2421,,,,,2421,28,249,4,0,0,0,0,0,0
21484c1f54cc26eafc9d66024b22bbe60d951187e2b1bb0dd494b9d92df06147,H4,,,32160,35641,32160,35641,0.742569,false,full-read:oci-image/files/implementations.md,oci-image,oci-image/files/implementations.md,,,,,FULL_READ,,,full_parse,2421,,,,,2421,28,249,4,0,0,0,0,0,0
2f225eb2e1aa77104e2e5b1ab0993f545fb5b7e5e35f2e33e8fea5a48f3adb1d,H1,,,487,713,487,713,0.802374,false,full-read:myst-parser/files/docs/develop/_changelog.md,myst-parser,myst-parser/files/docs/develop/_changelog.md,,,,,FULL_READ,,,full_parse,76,,,,,76,1,75,0,0,0,40,0.526316,13.473684,0
2f225eb2e1aa77104e2e5b1ab0993f545fb5b7e5e35f2e33e8fea5a48f3adb1d,H2,,,442,642,442,642,0.889003,false,full-read:myst-parser/files/docs/develop/_changelog.md,myst-parser,myst-parser/files/docs/develop/_changelog.md,,,,,FULL_READ,,,full_parse,76,,,,,76,1,75,0,0,0,40,0.526316,13.473684,0
2f225eb2e1aa77104e2e5b1ab0993f545fb5b7e5e35f2e33e8fea5a48f3adb1d,H0,,,396,520,396,520,1.000000,false,full-read:myst-parser/files/docs/develop/_changelog.md,myst-parser,myst-parser/files/docs/develop/_changelog.md,,,,,FULL_READ,,,full_parse,76,,,,,76,1,75,0,0,0,40,0.526316,13.473684,0
2f225eb2e1aa77104e2e5b1ab0993f545fb5b7e5e35f2e33e8fea5a48f3adb1d,H3,,,405,590,405,590,0.951332,false,full-read:myst-parser/files/docs/develop/_changelog.md,myst-parser,myst-parser/files/docs/develop/_changelog.md,,,,,FULL_READ,,,full_parse,76,,,,,76,1,75,0,0,0,40,0.526316,13.473684,0
2f225eb2e1aa77104e2e5b1ab0993f545fb5b7e5e35f2e33e8fea5a48f3adb1d,H4,,,486,714,486,714,0.790401,false,full-read:myst-parser/files/docs/develop/_changelog.md,myst-parser,myst-parser/files/docs/develop/_changelog.md,,,,,FULL_READ,,,full_parse,76,,,,,76,1,75,0,0,0,40,0.526316,13.473684,0
46473bc31137bd9a6e7be9242327718912dacc419653793f9fc5afddbb871932,H1,,,22908,24630,22908,24630,0.726531,false,full-read:myst-parser/files/docs/develop/contributing.md,myst-parser,myst-parser/files/docs/develop/contributing.md,,,,,FULL_READ,,,full_parse,2727,,,,,2727,30,321,0,8,4,337,0.123579,2.628530,4.506051
46473bc31137bd9a6e7be9242327718912dacc419653793f9fc5afddbb871932,H2,,,22721,25175,22721,25175,0.727396,false,full-read:myst-parser/files/docs/develop/contributing.md,myst-parser,myst-parser/files/docs/develop/contributing.md,,,,,FULL_READ,,,full_parse,2727,,,,,2727,30,321,0,8,4,337,0.123579,2.628530,4.506051
46473bc31137bd9a6e7be9242327718912dacc419653793f9fc5afddbb871932,H0,,,16603,17719,16603,17719,1.000000,false,full-read:myst-parser/files/docs/develop/contributing.md,myst-parser,myst-parser/files/docs/develop/contributing.md,,,,,FULL_READ,,,full_parse,2727,,,,,2727,30,321,0,8,4,337,0.123579,2.628530,4.506051
46473bc31137bd9a6e7be9242327718912dacc419653793f9fc5afddbb871932,H3,,,22638,34376,22638,34376,0.736093,false,full-read:myst-parser/files/docs/develop/contributing.md,myst-parser,myst-parser/files/docs/develop/contributing.md,,,,,FULL_READ,,,full_parse,2727,,,,,2727,30,321,0,8,4,337,0.123579,2.628530,4.506051
46473bc31137bd9a6e7be9242327718912dacc419653793f9fc5afddbb871932,H4,,,22439,25102,22439,25102,0.738494,false,full-read:myst-parser/files/docs/develop/contributing.md,myst-parser,myst-parser/files/docs/develop/contributing.md,,,,,FULL_READ,,,full_parse,2727,,,,,2727,30,321,0,8,4,337,0.123579,2.628530,4.506051
51bbbfadb5f526fd0b1edb4b7c33330a8b120a44bde13b1a30e19bcc597d05c4,H1,,,31493,42660,31493,42660,0.721134,false,full-read:rust-book/files/src/appendix-06-translation.md,rust-book,rust-book/files/src/appendix-06-translation.md,,,,,FULL_READ,,,full_parse,1991,,,,,1991,28,167,2,1,1,0,0,0,1.028629
51bbbfadb5f526fd0b1edb4b7c33330a8b120a44bde13b1a30e19bcc597d05c4,H2,,,31435,33916,31435,33916,0.725246,false,full-read:rust-book/files/src/appendix-06-translation.md,rust-book,rust-book/files/src/appendix-06-translation.md,,,,,FULL_READ,,,full_parse,1991,,,,,1991,28,167,2,1,1,0,0,0,1.028629
51bbbfadb5f526fd0b1edb4b7c33330a8b120a44bde13b1a30e19bcc597d05c4,H0,,,22578,33355,22578,33355,1.000000,false,full-read:rust-book/files/src/appendix-06-translation.md,rust-book,rust-book/files/src/appendix-06-translation.md,,,,,FULL_READ,,,full_parse,1991,,,,,1991,28,167,2,1,1,0,0,0,1.028629
51bbbfadb5f526fd0b1edb4b7c33330a8b120a44bde13b1a30e19bcc597d05c4,H3,,,30920,34211,30920,34211,0.729631,false,full-read:rust-book/files/src/appendix-06-translation.md,rust-book,rust-book/files/src/appendix-06-translation.md,,,,,FULL_READ,,,full_parse,1991,,,,,1991,28,167,2,1,1,0,0,0,1.028629
51bbbfadb5f526fd0b1edb4b7c33330a8b120a44bde13b1a30e19bcc597d05c4,H4,,,31815,44576,31815,44576,0.713881,false,full-read:rust-book/files/src/appendix-06-translation.md,rust-book,rust-book/files/src/appendix-06-translation.md,,,,,FULL_READ,,,full_parse,1991,,,,,1991,28,167,2,1,1,0,0,0,1.028629
5ff47d1475056d610b38bc86ad4daba479679923b9b0abe3c0ee488ac6b42689,H1,,,2063,2338,2063,2338,0.786652,false,full-read:crafting-interpreters/files/note/answers/chapter01_introduction/1.md,crafting-interpreters,crafting-interpreters/files/note/answers/chapter01_introduction/1.md,,,,,FULL_READ,,,full_parse,416,,,,,416,3,158,0,0,0,0,0,0,0
5ff47d1475056d610b38bc86ad4daba479679923b9b0abe3c0ee488ac6b42689,H2,,,1787,1977,1787,1977,0.885874,false,full-read:crafting-interpreters/files/note/answers/chapter01_introduction/1.md,crafting-interpreters,crafting-interpreters/files/note/answers/chapter01_introduction/1.md,,,,,FULL_READ,,,full_parse,416,,,,,416,3,158,0,0,0,0,0,0,0
5ff47d1475056d610b38bc86ad4daba479679923b9b0abe3c0ee488ac6b42689,H0,,,1558,1670,1558,1670,1.000000,false,full-read:crafting-interpreters/files/note/answers/chapter01_introduction/1.md,crafting-interpreters,crafting-interpreters/files/note/answers/chapter01_introduction/1.md,,,,,FULL_READ,,,full_parse,416,,,,,416,3,158,0,0,0,0,0,0,0
5ff47d1475056d610b38bc86ad4daba479679923b9b0abe3c0ee488ac6b42689,H3,,,1844,2132,1844,2132,0.861391,false,full-read:crafting-interpreters/files/note/answers/chapter01_introduction/1.md,crafting-interpreters,crafting-interpreters/files/note/answers/chapter01_introduction/1.md,,,,,FULL_READ,,,full_parse,416,,,,,416,3,158,0,0,0,0,0,0,0
5ff47d1475056d610b38bc86ad4daba479679923b9b0abe3c0ee488ac6b42689,H4,,,1889,2255,1889,2255,0.824454,false,full-read:crafting-interpreters/files/note/answers/chapter01_introduction/1.md,crafting-interpreters,crafting-interpreters/files/note/answers/chapter01_introduction/1.md,,,,,FULL_READ,,,full_parse,416,,,,,416,3,158,0,0,0,0,0,0,0
6fc99e6cb2c777bca9894f43080a7efc29903b772b89b0b3755a7cbab9366324,H1,,,17907,19202,17907,19202,0.911804,false,full-read:crafting-interpreters/files/note/answers/chapter20_hash/1.md,crafting-interpreters,crafting-interpreters/files/note/answers/chapter20_hash/1.md,,,,,FULL_READ,,,full_parse,9634,,,,,9634,12,7498,0,0,0,8080,0.838696,0.318871,0
6fc99e6cb2c777bca9894f43080a7efc29903b772b89b0b3755a7cbab9366324,H2,,,17996,30504,17996,30504,0.907301,false,full-read:crafting-interpreters/files/note/answers/chapter20_hash/1.md,crafting-interpreters,crafting-interpreters/files/note/answers/chapter20_hash/1.md,,,,,FULL_READ,,,full_parse,9634,,,,,9634,12,7498,0,0,0,8080,0.838696,0.318871,0
6fc99e6cb2c777bca9894f43080a7efc29903b772b89b0b3755a7cbab9366324,H0,,,16210,17830,16210,17830,1.000000,false,full-read:crafting-interpreters/files/note/answers/chapter20_hash/1.md,crafting-interpreters,crafting-interpreters/files/note/answers/chapter20_hash/1.md,,,,,FULL_READ,,,full_parse,9634,,,,,9634,12,7498,0,0,0,8080,0.838696,0.318871,0
6fc99e6cb2c777bca9894f43080a7efc29903b772b89b0b3755a7cbab9366324,H3,,,17977,19612,17977,19612,0.891972,false,full-read:crafting-interpreters/files/note/answers/chapter20_hash/1.md,crafting-interpreters,crafting-interpreters/files/note/answers/chapter20_hash/1.md,,,,,FULL_READ,,,full_parse,9634,,,,,9634,12,7498,0,0,0,8080,0.838696,0.318871,0
6fc99e6cb2c777bca9894f43080a7efc29903b772b89b0b3755a7cbab9366324,H4,,,17404,18996,17404,18996,0.932335,false,full-read:crafting-interpreters/files/note/answers/chapter20_hash/1.md,crafting-interpreters,crafting-interpreters/files/note/answers/chapter20_hash/1.md,,,,,FULL_READ,,,full_parse,9634,,,,,9634,12,7498,0,0,0,8080,0.838696,0.318871,0
73039631b4e45389797f5ef0bb26cc57ac1f3da406ae556a70236a194049d66a,H1,,,59567,77181,59567,77181,0.889791,false,full-read:d2l-en/files/chapter_appendix-tools-for-deep-learning/utils.md,d2l-en,d2l-en/files/chapter_appendix-tools-for-deep-learning/utils.md,,,,,FULL_READ,,,full_parse,44914,,,,,44914,39,4363,0,0,0,43880,0.976978,0.615576,0
73039631b4e45389797f5ef0bb26cc57ac1f3da406ae556a70236a194049d66a,H2,,,56844,71434,56844,71434,0.934050,false,full-read:d2l-en/files/chapter_appendix-tools-for-deep-learning/utils.md,d2l-en,d2l-en/files/chapter_appendix-tools-for-deep-learning/utils.md,,,,,FULL_READ,,,full_parse,44914,,,,,44914,39,4363,0,0,0,43880,0.976978,0.615576,0
73039631b4e45389797f5ef0bb26cc57ac1f3da406ae556a70236a194049d66a,H0,,,53189,66468,53189,66468,1.000000,false,full-read:d2l-en/files/chapter_appendix-tools-for-deep-learning/utils.md,d2l-en,d2l-en/files/chapter_appendix-tools-for-deep-learning/utils.md,,,,,FULL_READ,,,full_parse,44914,,,,,44914,39,4363,0,0,0,43880,0.976978,0.615576,0
73039631b4e45389797f5ef0bb26cc57ac1f3da406ae556a70236a194049d66a,H3,,,57104,72069,57104,72069,0.932022,false,full-read:d2l-en/files/chapter_appendix-tools-for-deep-learning/utils.md,d2l-en,d2l-en/files/chapter_appendix-tools-for-deep-learning/utils.md,,,,,FULL_READ,,,full_parse,44914,,,,,44914,39,4363,0,0,0,43880,0.976978,0.615576,0
73039631b4e45389797f5ef0bb26cc57ac1f3da406ae556a70236a194049d66a,H4,,,58494,75164,58494,75164,0.899247,false,full-read:d2l-en/files/chapter_appendix-tools-for-deep-learning/utils.md,d2l-en,d2l-en/files/chapter_appendix-tools-for-deep-learning/utils.md,,,,,FULL_READ,,,full_parse,44914,,,,,44914,39,4363,0,0,0,43880,0.976978,0.615576,0
879a0f03d0b686e5fd9fff1550d560cdf5686f04c19a85c004977676f6af6c6e,H1,,,28318,38696,28318,38696,0.627108,false,full-read:oci-image/files/HACKING.md,oci-image,oci-image/files/HACKING.md,,,,,FULL_READ,,,full_parse,1857,,,,,1857,48,139,2,3,3,139,0.074852,4.411416,3.308562
879a0f03d0b686e5fd9fff1550d560cdf5686f04c19a85c004977676f6af6c6e,H2,,,25658,30045,25658,30045,0.698249,false,full-read:oci-image/files/HACKING.md,oci-image,oci-image/files/HACKING.md,,,,,FULL_READ,,,full_parse,1857,,,,,1857,48,139,2,3,3,139,0.074852,4.411416,3.308562
879a0f03d0b686e5fd9fff1550d560cdf5686f04c19a85c004977676f6af6c6e,H0,,,17570,19854,17570,19854,1.000000,false,full-read:oci-image/files/HACKING.md,oci-image,oci-image/files/HACKING.md,,,,,FULL_READ,,,full_parse,1857,,,,,1857,48,139,2,3,3,139,0.074852,4.411416,3.308562
879a0f03d0b686e5fd9fff1550d560cdf5686f04c19a85c004977676f6af6c6e,H3,,,25850,37607,25850,37607,0.682738,false,full-read:oci-image/files/HACKING.md,oci-image,oci-image/files/HACKING.md,,,,,FULL_READ,,,full_parse,1857,,,,,1857,48,139,2,3,3,139,0.074852,4.411416,3.308562
879a0f03d0b686e5fd9fff1550d560cdf5686f04c19a85c004977676f6af6c6e,H4,,,26693,43810,26693,43810,0.659635,false,full-read:oci-image/files/HACKING.md,oci-image,oci-image/files/HACKING.md,,,,,FULL_READ,,,full_parse,1857,,,,,1857,48,139,2,3,3,139,0.074852,4.411416,3.308562
87ab6f49c3edfed596075eafb6a0133c6fddff25df05bbade3eff53902be09a2,H1,,,75332,91525,75332,91525,0.698152,false,full-read:owasp-cheatsheets/files/cheatsheets/Email_Validation_and_Verification_Cheat_Sheet.md,owasp-cheatsheets,owasp-cheatsheets/files/cheatsheets/Email_Validation_and_Verification_Cheat_Sheet.md,,,,,FULL_READ,,,full_parse,5129,,,,,5129,98,247,4,0,0,0,0,0,0
87ab6f49c3edfed596075eafb6a0133c6fddff25df05bbade3eff53902be09a2,H2,,,66521,83344,66521,83344,0.796499,false,full-read:owasp-cheatsheets/files/cheatsheets/Email_Validation_and_Verification_Cheat_Sheet.md,owasp-cheatsheets,owasp-cheatsheets/files/cheatsheets/Email_Validation_and_Verification_Cheat_Sheet.md,,,,,FULL_READ,,,full_parse,5129,,,,,5129,98,247,4,0,0,0,0,0,0
87ab6f49c3edfed596075eafb6a0133c6fddff25df05bbade3eff53902be09a2,H0,,,52642,64552,52642,64552,1.000000,false,full-read:owasp-cheatsheets/files/cheatsheets/Email_Validation_and_Verification_Cheat_Sheet.md,owasp-cheatsheets,owasp-cheatsheets/files/cheatsheets/Email_Validation_and_Verification_Cheat_Sheet.md,,,,,FULL_READ,,,full_parse,5129,,,,,5129,98,247,4,0,0,0,0,0,0
87ab6f49c3edfed596075eafb6a0133c6fddff25df05bbade3eff53902be09a2,H3,,,68432,82680,68432,82680,0.776514,false,full-read:owasp-cheatsheets/files/cheatsheets/Email_Validation_and_Verification_Cheat_Sheet.md,owasp-cheatsheets,owasp-cheatsheets/files/cheatsheets/Email_Validation_and_Verification_Cheat_Sheet.md,,,,,FULL_READ,,,full_parse,5129,,,,,5129,98,247,4,0,0,0,0,0,0
87ab6f49c3edfed596075eafb6a0133c6fddff25df05bbade3eff53902be09a2,H4,,,73310,88020,73310,88020,0.724807,false,full-read:owasp-cheatsheets/files/cheatsheets/Email_Validation_and_Verification_Cheat_Sheet.md,owasp-cheatsheets,owasp-cheatsheets/files/cheatsheets/Email_Validation_and_Verification_Cheat_Sheet.md,,,,,FULL_READ,,,full_parse,5129,,,,,5129,98,247,4,0,0,0,0,0,0
8cac5a00f3a2eb4fb54a876d5f7aa219b8ee1ebd7ed76145e5f44611414725aa,H1,,,31428,34263,31428,34263,0.801953,false,full-read:rust-rfcs/files/text/0404-change-prefer-dynamic.md,rust-rfcs,rust-rfcs/files/text/0404-change-prefer-dynamic.md,,,,,FULL_READ,,,full_parse,6862,,,,,6862,34,901,2,1,1,889,0.129554,0.149228,0.298455
8cac5a00f3a2eb4fb54a876d5f7aa219b8ee1ebd7ed76145e5f44611414725aa,H2,,,30197,42211,30197,42211,0.832947,false,full-read:rust-rfcs/files/text/0404-change-prefer-dynamic.md,rust-rfcs,rust-rfcs/files/text/0404-change-prefer-dynamic.md,,,,,FULL_READ,,,full_parse,6862,,,,,6862,34,901,2,1,1,889,0.129554,0.149228,0.298455
8cac5a00f3a2eb4fb54a876d5f7aa219b8ee1ebd7ed76145e5f44611414725aa,H0,,,25254,31010,25254,31010,1.000000,false,full-read:rust-rfcs/files/text/0404-change-prefer-dynamic.md,rust-rfcs,rust-rfcs/files/text/0404-change-prefer-dynamic.md,,,,,FULL_READ,,,full_parse,6862,,,,,6862,34,901,2,1,1,889,0.129554,0.149228,0.298455
8cac5a00f3a2eb4fb54a876d5f7aa219b8ee1ebd7ed76145e5f44611414725aa,H3,,,29888,32569,29888,32569,0.839059,false,full-read:rust-rfcs/files/text/0404-change-prefer-dynamic.md,rust-rfcs,rust-rfcs/files/text/0404-change-prefer-dynamic.md,,,,,FULL_READ,,,full_parse,6862,,,,,6862,34,901,2,1,1,889,0.129554,0.149228,0.298455
8cac5a00f3a2eb4fb54a876d5f7aa219b8ee1ebd7ed76145e5f44611414725aa,H4,,,30879,44467,30879,44467,0.820476,false,full-read:rust-rfcs/files/text/0404-change-prefer-dynamic.md,rust-rfcs,rust-rfcs/files/text/0404-change-prefer-dynamic.md,,,,,FULL_READ,,,full_parse,6862,,,,,6862,34,901,2,1,1,889,0.129554,0.149228,0.298455
94c57cd2d6f40b46599c4aa5e48d1f018bf1f13c6cd301180454f49cd0a01207,H1,,,37830,53615,37830,53615,0.746435,false,full-read:crafting-interpreters/files/note/answers/chapter13_inheritance/1.md,crafting-interpreters,crafting-interpreters/files/note/answers/chapter13_inheritance/1.md,,,,,FULL_READ,,,full_parse,9360,,,,,9360,49,759,2,0,0,5228,0.558547,2.188034,0
94c57cd2d6f40b46599c4aa5e48d1f018bf1f13c6cd301180454f49cd0a01207,H2,,,35087,47546,35087,47546,0.802541,false,full-read:crafting-interpreters/files/note/answers/chapter13_inheritance/1.md,crafting-interpreters,crafting-interpreters/files/note/answers/chapter13_inheritance/1.md,,,,,FULL_READ,,,full_parse,9360,,,,,9360,49,759,2,0,0,5228,0.558547,2.188034,0
94c57cd2d6f40b46599c4aa5e48d1f018bf1f13c6cd301180454f49cd0a01207,H0,,,28084,32750,28084,32750,1.000000,false,full-read:crafting-interpreters/files/note/answers/chapter13_inheritance/1.md,crafting-interpreters,crafting-interpreters/files/note/answers/chapter13_inheritance/1.md,,,,,FULL_READ,,,full_parse,9360,,,,,9360,49,759,2,0,0,5228,0.558547,2.188034,0
94c57cd2d6f40b46599c4aa5e48d1f018bf1f13c6cd301180454f49cd0a01207,H3,,,35393,47912,35393,47912,0.795853,false,full-read:crafting-interpreters/files/note/answers/chapter13_inheritance/1.md,crafting-interpreters,crafting-interpreters/files/note/answers/chapter13_inheritance/1.md,,,,,FULL_READ,,,full_parse,9360,,,,,9360,49,759,2,0,0,5228,0.558547,2.188034,0
94c57cd2d6f40b46599c4aa5e48d1f018bf1f13c6cd301180454f49cd0a01207,H4,,,36733,53838,36733,53838,0.767014,false,full-read:crafting-interpreters/files/note/answers/chapter13_inheritance/1.md,crafting-interpreters,crafting-interpreters/files/note/answers/chapter13_inheritance/1.md,,,,,FULL_READ,,,full_parse,9360,,,,,9360,49,759,2,0,0,5228,0.558547,2.188034,0
96357ea197e919bd66692e993dcb85b0527ed23fdc923c9d28646111145741be,H1,,,29666,35520,29666,35520,0.758371,false,full-read:rust-rfcs/files/text/1123-str-split-at.md,rust-rfcs,rust-rfcs/files/text/1123-str-split-at.md,,,,,FULL_READ,,,full_parse,3431,,,,,3431,31,877,2,2,2,866,0.252405,0.298455,1.193821
96357ea197e919bd66692e993dcb85b0527ed23fdc923c9d28646111145741be,H2,,,30053,44897,30053,44897,0.747452,false,full-read:rust-rfcs/files/text/1123-str-split-at.md,rust-rfcs,rust-rfcs/files/text/1123-str-split-at.md,,,,,FULL_READ,,,full_parse,3431,,,,,3431,31,877,2,2,2,866,0.252405,0.298455,1.193821
96357ea197e919bd66692e993dcb85b0527ed23fdc923c9d28646111145741be,H0,,,22341,24750,22341,24750,1.000000,false,full-read:rust-rfcs/files/text/1123-str-split-at.md,rust-rfcs,rust-rfcs/files/text/1123-str-split-at.md,,,,,FULL_READ,,,full_parse,3431,,,,,3431,31,877,2,2,2,866,0.252405,0.298455,1.193821
96357ea197e919bd66692e993dcb85b0527ed23fdc923c9d28646111145741be,H3,,,29920,31974,29920,31974,0.755907,false,full-read:rust-rfcs/files/text/1123-str-split-at.md,rust-rfcs,rust-rfcs/files/text/1123-str-split-at.md,,,,,FULL_READ,,,full_parse,3431,,,,,3431,31,877,2,2,2,866,0.252405,0.298455,1.193821
96357ea197e919bd66692e993dcb85b0527ed23fdc923c9d28646111145741be,H4,,,29013,31298,29013,31298,0.770785,false,full-read:rust-rfcs/files/text/1123-str-split-at.md,rust-rfcs,rust-rfcs/files/text/1123-str-split-at.md,,,,,FULL_READ,,,full_parse,3431,,,,,3431,31,877,2,2,2,866,0.252405,0.298455,1.193821
a525bd8f153230dfacace9642d48a91c7cb0d9b3620ee6061040637e16b8db6d,H1,,,3852,4324,3852,4324,0.766750,false,full-read:openmlsys/files/v1/zh_chapters/chapter_recommender_system/index.md,openmlsys,openmlsys/files/v1/zh_chapters/chapter_recommender_system/index.md,,,,,FULL_READ,,,full_parse,1067,,,,,1067,5,829,0,2,0,97,0.090909,0.959700,1.919400
a525bd8f153230dfacace9642d48a91c7cb0d9b3620ee6061040637e16b8db6d,H2,,,3684,4192,3684,4192,0.809445,false,full-read:openmlsys/files/v1/zh_chapters/chapter_recommender_system/index.md,openmlsys,openmlsys/files/v1/zh_chapters/chapter_recommender_system/index.md,,,,,FULL_READ,,,full_parse,1067,,,,,1067,5,829,0,2,0,97,0.090909,0.959700,1.919400
a525bd8f153230dfacace9642d48a91c7cb0d9b3620ee6061040637e16b8db6d,H0,,,2932,3449,2932,3449,1.000000,false,full-read:openmlsys/files/v1/zh_chapters/chapter_recommender_system/index.md,openmlsys,openmlsys/files/v1/zh_chapters/chapter_recommender_system/index.md,,,,,FULL_READ,,,full_parse,1067,,,,,1067,5,829,0,2,0,97,0.090909,0.959700,1.919400
a525bd8f153230dfacace9642d48a91c7cb0d9b3620ee6061040637e16b8db6d,H3,,,3715,4046,3715,4046,0.799204,false,full-read:openmlsys/files/v1/zh_chapters/chapter_recommender_system/index.md,openmlsys,openmlsys/files/v1/zh_chapters/chapter_recommender_system/index.md,,,,,FULL_READ,,,full_parse,1067,,,,,1067,5,829,0,2,0,97,0.090909,0.959700,1.919400
a525bd8f153230dfacace9642d48a91c7cb0d9b3620ee6061040637e16b8db6d,H4,,,3628,4064,3628,4064,0.816289,false,full-read:openmlsys/files/v1/zh_chapters/chapter_recommender_system/index.md,openmlsys,openmlsys/files/v1/zh_chapters/chapter_recommender_system/index.md,,,,,FULL_READ,,,full_parse,1067,,,,,1067,5,829,0,2,0,97,0.090909,0.959700,1.919400
a67b28652c65b39dbdf75681aa007d3dd9a9770fc9068923377ee91224de209c,H1,,,40010,42375,40010,42375,0.789054,false,full-read:d2l-en/files/chapter_installation/index.md,d2l-en,d2l-en/files/chapter_installation/index.md,,,,,FULL_READ,,,full_parse,6094,,,,,6094,60,589,0,0,0,1227,0.201346,2.856580,0
a67b28652c65b39dbdf75681aa007d3dd9a9770fc9068923377ee91224de209c,H2,,,39587,44051,39587,44051,0.796610,false,full-read:d2l-en/files/chapter_installation/index.md,d2l-en,d2l-en/files/chapter_installation/index.md,,,,,FULL_READ,,,full_parse,6094,,,,,6094,60,589,0,0,0,1227,0.201346,2.856580,0
a67b28652c65b39dbdf75681aa007d3dd9a9770fc9068923377ee91224de209c,H0,,,31423,36113,31423,36113,1.000000,false,full-read:d2l-en/files/chapter_installation/index.md,d2l-en,d2l-en/files/chapter_installation/index.md,,,,,FULL_READ,,,full_parse,6094,,,,,6094,60,589,0,0,0,1227,0.201346,2.856580,0
a67b28652c65b39dbdf75681aa007d3dd9a9770fc9068923377ee91224de209c,H3,,,39927,51600,39927,51600,0.793889,false,full-read:d2l-en/files/chapter_installation/index.md,d2l-en,d2l-en/files/chapter_installation/index.md,,,,,FULL_READ,,,full_parse,6094,,,,,6094,60,589,0,0,0,1227,0.201346,2.856580,0
a67b28652c65b39dbdf75681aa007d3dd9a9770fc9068923377ee91224de209c,H4,,,39615,56045,39615,56045,0.792101,false,full-read:d2l-en/files/chapter_installation/index.md,d2l-en,d2l-en/files/chapter_installation/index.md,,,,,FULL_READ,,,full_parse,6094,,,,,6094,60,589,0,0,0,1227,0.201346,2.856580,0
a97a63e7b47c9d13529a5560f9a65a42fa2e221fc4cd1ff8781918e9a4669fdd,H1,,,1303,1669,1303,1669,0.685023,false,full-read:d2l-en/files/chapter_generative-adversarial-networks/index.md,d2l-en,d2l-en/files/chapter_generative-adversarial-networks/index.md,,,,,FULL_READ,,,full_parse,89,,,,,89,3,34,0,0,0,24,0.269663,11.505618,0
a97a63e7b47c9d13529a5560f9a65a42fa2e221fc4cd1ff8781918e9a4669fdd,H2,,,1026,1317,1026,1317,0.837442,false,full-read:d2l-en/files/chapter_generative-adversarial-networks/index.md,d2l-en,d2l-en/files/chapter_generative-adversarial-networks/index.md,,,,,FULL_READ,,,full_parse,89,,,,,89,3,34,0,0,0,24,0.269663,11.505618,0
a97a63e7b47c9d13529a5560f9a65a42fa2e221fc4cd1ff8781918e9a4669fdd,H0,,,901,1123,901,1123,1.000000,false,full-read:d2l-en/files/chapter_generative-adversarial-networks/index.md,d2l-en,d2l-en/files/chapter_generative-adversarial-networks/index.md,,,,,FULL_READ,,,full_parse,89,,,,,89,3,34,0,0,0,24,0.269663,11.505618,0
a97a63e7b47c9d13529a5560f9a65a42fa2e221fc4cd1ff8781918e9a4669fdd,H3,,,1092,1499,1092,1499,0.799814,false,full-read:d2l-en/files/chapter_generative-adversarial-networks/index.md,d2l-en,d2l-en/files/chapter_generative-adversarial-networks/index.md,,,,,FULL_READ,,,full_parse,89,,,,,89,3,34,0,0,0,24,0.269663,11.505618,0
a97a63e7b47c9d13529a5560f9a65a42fa2e221fc4cd1ff8781918e9a4669fdd,H4,,,1119,1438,1119,1438,0.790942,false,full-read:d2l-en/files/chapter_generative-adversarial-networks/index.md,d2l-en,d2l-en/files/chapter_generative-adversarial-networks/index.md,,,,,FULL_READ,,,full_parse,89,,,,,89,3,34,0,0,0,24,0.269663,11.505618,0
b474fe0f45380000e80ee1a3931b09e5165a73c7702e3ae7bf5d057f5f1817d9,H1,,,12160,13858,12160,13858,0.779077,false,full-read:kubernetes-keps/files/keps/sig-cli/FAQ.md,kubernetes-keps,kubernetes-keps/files/keps/sig-cli/FAQ.md,,,,,FULL_READ,,,full_parse,1632,,,,,1632,11,362,6,0,0,0,0,0,0
b474fe0f45380000e80ee1a3931b09e5165a73c7702e3ae7bf5d057f5f1817d9,H2,,,11572,12872,11572,12872,0.819297,false,full-read:kubernetes-keps/files/keps/sig-cli/FAQ.md,kubernetes-keps,kubernetes-keps/files/keps/sig-cli/FAQ.md,,,,,FULL_READ,,,full_parse,1632,,,,,1632,11,362,6,0,0,0,0,0,0
b474fe0f45380000e80ee1a3931b09e5165a73c7702e3ae7bf5d057f5f1817d9,H0,,,9485,10300,9485,10300,1.000000,false,full-read:kubernetes-keps/files/keps/sig-cli/FAQ.md,kubernetes-keps,kubernetes-keps/files/keps/sig-cli/FAQ.md,,,,,FULL_READ,,,full_parse,1632,,,,,1632,11,362,6,0,0,0,0,0,0
b474fe0f45380000e80ee1a3931b09e5165a73c7702e3ae7bf5d057f5f1817d9,H3,,,11750,12738,11750,12738,0.811221,false,full-read:kubernetes-keps/files/keps/sig-cli/FAQ.md,kubernetes-keps,kubernetes-keps/files/keps/sig-cli/FAQ.md,,,,,FULL_READ,,,full_parse,1632,,,,,1632,11,362,6,0,0,0,0,0,0
b474fe0f45380000e80ee1a3931b09e5165a73c7702e3ae7bf5d057f5f1817d9,H4,,,11570,12974,11570,12974,0.817015,false,full-read:kubernetes-keps/files/keps/sig-cli/FAQ.md,kubernetes-keps,kubernetes-keps/files/keps/sig-cli/FAQ.md,,,,,FULL_READ,,,full_parse,1632,,,,,1632,11,362,6,0,0,0,0,0,0
bb6c06ba589f05646161fdcb12f7dc942554b85b1274af38038433855096f65a,H1,,,1694,1979,1694,1979,0.917830,false,full-read:openmlsys/files/v1/zh_chapters/chapter_rl_sys/summary.md,openmlsys,openmlsys/files/v1/zh_chapters/chapter_rl_sys/summary.md,,,,,FULL_READ,,,full_parse,561,,,,,561,2,549,0,0,0,0,0,0,0
bb6c06ba589f05646161fdcb12f7dc942554b85b1274af38038433855096f65a,H2,,,1762,1993,1762,1993,0.897947,false,full-read:openmlsys/files/v1/zh_chapters/chapter_rl_sys/summary.md,openmlsys,openmlsys/files/v1/zh_chapters/chapter_rl_sys/summary.md,,,,,FULL_READ,,,full_parse,561,,,,,561,2,549,0,0,0,0,0,0,0
bb6c06ba589f05646161fdcb12f7dc942554b85b1274af38038433855096f65a,H0,,,1540,1728,1540,1728,1.000000,false,full-read:openmlsys/files/v1/zh_chapters/chapter_rl_sys/summary.md,openmlsys,openmlsys/files/v1/zh_chapters/chapter_rl_sys/summary.md,,,,,FULL_READ,,,full_parse,561,,,,,561,2,549,0,0,0,0,0,0,0
bb6c06ba589f05646161fdcb12f7dc942554b85b1274af38038433855096f65a,H3,,,1751,1961,1751,1961,0.896602,false,full-read:openmlsys/files/v1/zh_chapters/chapter_rl_sys/summary.md,openmlsys,openmlsys/files/v1/zh_chapters/chapter_rl_sys/summary.md,,,,,FULL_READ,,,full_parse,561,,,,,561,2,549,0,0,0,0,0,0,0
bb6c06ba589f05646161fdcb12f7dc942554b85b1274af38038433855096f65a,H4,,,1744,1920,1744,1920,0.888727,false,full-read:openmlsys/files/v1/zh_chapters/chapter_rl_sys/summary.md,openmlsys,openmlsys/files/v1/zh_chapters/chapter_rl_sys/summary.md,,,,,FULL_READ,,,full_parse,561,,,,,561,2,549,0,0,0,0,0,0,0
c82d1aefab1d91d83560bcc6d8d72e1dffb7b8ed08dc2a0c45307e26724db37a,H1,,,15494,17140,15494,17140,0.800184,false,full-read:rust-book/files/src/appendix-05-editions.md,rust-book,rust-book/files/src/appendix-05-editions.md,,,,,FULL_READ,,,full_parse,3075,,,,,3075,15,480,2,1,1,0,0,0,0.666016
c82d1aefab1d91d83560bcc6d8d72e1dffb7b8ed08dc2a0c45307e26724db37a,H2,,,14404,15416,14404,15416,0.854145,false,full-read:rust-book/files/src/appendix-05-editions.md,rust-book,rust-book/files/src/appendix-05-editions.md,,,,,FULL_READ,,,full_parse,3075,,,,,3075,15,480,2,1,1,0,0,0,0.666016
c82d1aefab1d91d83560bcc6d8d72e1dffb7b8ed08dc2a0c45307e26724db37a,H0,,,12480,13460,12480,13460,1.000000,false,full-read:rust-book/files/src/appendix-05-editions.md,rust-book,rust-book/files/src/appendix-05-editions.md,,,,,FULL_READ,,,full_parse,3075,,,,,3075,15,480,2,1,1,0,0,0,0.666016
c82d1aefab1d91d83560bcc6d8d72e1dffb7b8ed08dc2a0c45307e26724db37a,H3,,,14752,16291,14752,16291,0.829677,false,full-read:rust-book/files/src/appendix-05-editions.md,rust-book,rust-book/files/src/appendix-05-editions.md,,,,,FULL_READ,,,full_parse,3075,,,,,3075,15,480,2,1,1,0,0,0,0.666016
c82d1aefab1d91d83560bcc6d8d72e1dffb7b8ed08dc2a0c45307e26724db37a,H4,,,14366,15700,14366,15700,0.856334,false,full-read:rust-book/files/src/appendix-05-editions.md,rust-book,rust-book/files/src/appendix-05-editions.md,,,,,FULL_READ,,,full_parse,3075,,,,,3075,15,480,2,1,1,0,0,0,0.666016
cafa65c8d63e6ae9aa37ff6caba58199e731b75b8e75cf7bc319e6fbed250162,H1,,,65875,83749,65875,83749,0.724940,false,full-read:rust-rfcs/files/text/3289-source_replacement_ambiguity.md,rust-rfcs,rust-rfcs/files/text/3289-source_replacement_ambiguity.md,,,,,FULL_READ,,,full_parse,7209,,,,,7209,72,301,2,10,2,322,0.044666,0.426134,1.704536
cafa65c8d63e6ae9aa37ff6caba58199e731b75b8e75cf7bc319e6fbed250162,H2,,,66356,84845,66356,84845,0.717620,false,full-read:rust-rfcs/files/text/3289-source_replacement_ambiguity.md,rust-rfcs,rust-rfcs/files/text/3289-source_replacement_ambiguity.md,,,,,FULL_READ,,,full_parse,7209,,,,,7209,72,301,2,10,2,322,0.044666,0.426134,1.704536
cafa65c8d63e6ae9aa37ff6caba58199e731b75b8e75cf7bc319e6fbed250162,H0,,,47675,66476,47675,66476,1.000000,false,full-read:rust-rfcs/files/text/3289-source_replacement_ambiguity.md,rust-rfcs,rust-rfcs/files/text/3289-source_replacement_ambiguity.md,,,,,FULL_READ,,,full_parse,7209,,,,,7209,72,301,2,10,2,322,0.044666,0.426134,1.704536
cafa65c8d63e6ae9aa37ff6caba58199e731b75b8e75cf7bc319e6fbed250162,H3,,,66323,84723,66323,84723,0.725785,false,full-read:rust-rfcs/files/text/3289-source_replacement_ambiguity.md,rust-rfcs,rust-rfcs/files/text/3289-source_replacement_ambiguity.md,,,,,FULL_READ,,,full_parse,7209,,,,,7209,72,301,2,10,2,322,0.044666,0.426134,1.704536
cafa65c8d63e6ae9aa37ff6caba58199e731b75b8e75cf7bc319e6fbed250162,H4,,,64367,81475,64367,81475,0.750362,false,full-read:rust-rfcs/files/text/3289-source_replacement_ambiguity.md,rust-rfcs,rust-rfcs/files/text/3289-source_replacement_ambiguity.md,,,,,FULL_READ,,,full_parse,7209,,,,,7209,72,301,2,10,2,322,0.044666,0.426134,1.704536
d860ba409366765ed41d225d0d502810779e7dafc3b317cc6d9af043d3712198,H1,,,61246,80050,61246,80050,0.699113,false,full-read:oci-image/files/considerations.md,oci-image,oci-image/files/considerations.md,,,,,FULL_READ,,,full_parse,6288,,,,,6288,64,530,2,8,8,284,0.045165,1.628499,2.605598
d860ba409366765ed41d225d0d502810779e7dafc3b317cc6d9af043d3712198,H2,,,59767,74010,59767,74010,0.718381,false,full-read:oci-image/files/considerations.md,oci-image,oci-image/files/considerations.md,,,,,FULL_READ,,,full_parse,6288,,,,,6288,64,530,2,8,8,284,0.045165,1.628499,2.605598
d860ba409366765ed41d225d0d502810779e7dafc3b317cc6d9af043d3712198,H0,,,42846,55448,42846,55448,1.000000,false,full-read:oci-image/files/considerations.md,oci-image,oci-image/files/considerations.md,,,,,FULL_READ,,,full_parse,6288,,,,,6288,64,530,2,8,8,284,0.045165,1.628499,2.605598
d860ba409366765ed41d225d0d502810779e7dafc3b317cc6d9af043d3712198,H3,,,59226,72761,59226,72761,0.724818,false,full-read:oci-image/files/considerations.md,oci-image,oci-image/files/considerations.md,,,,,FULL_READ,,,full_parse,6288,,,,,6288,64,530,2,8,8,284,0.045165,1.628499,2.605598
d860ba409366765ed41d225d0d502810779e7dafc3b317cc6d9af043d3712198,H4,,,59523,77435,59523,77435,0.716215,false,full-read:oci-image/files/considerations.md,oci-image,oci-image/files/considerations.md,,,,,FULL_READ,,,full_parse,6288,,,,,6288,64,530,2,8,8,284,0.045165,1.628499,2.605598
